file,split,totalPix,maPix,maPct,nLesions,minArea,maxArea,medArea
C:\Users\SHIVANYA SALES\Desktop\DR tejas\SIH_DR_Screening\dataset\IDRiD\A. Segmentation\1. Original Images\a. Training Set\IDRiD_01.jpg,train,12212224,6941,0.0568364943191347,18,112,911,376.5
C:\Users\SHIVANYA SALES\Desktop\DR tejas\SIH_DR_Screening\dataset\IDRiD\A. Segmentation\1. Original Images\a. Training Set\IDRiD_02.jpg,train,12212224,9446,0.0773487286181452,41,57,588,198
C:\Users\SHIVANYA SALES\Desktop\DR tejas\SIH_DR_Screening\dataset\IDRiD\A. Segmentation\1. Original Images\a. Training Set\IDRiD_03.jpg,train,12212224,11288,0.0924319763541841,63,17,460,162
C:\Users\SHIVANYA SALES\Desktop\DR tejas\SIH_DR_Screening\dataset\IDRiD\A. Segmentation\1. Original Images\a. Training Set\IDRiD_04.jpg,train,12212224,804,0.00658356741573034,3,180,401,223
C:\Users\SHIVANYA SALES\Desktop\DR tejas\SIH_DR_Screening\dataset\IDRiD\A. Segmentation\1. Original Images\a. Training Set\IDRiD_05.jpg,train,12212224,3994,0.0327049356448097,8,210,839,529.5
C:\Users\SHIVANYA SALES\Desktop\DR tejas\SIH_DR_Screening\dataset\IDRiD\A. Segmentation\1. Original Images\a. Training Set\IDRiD_06.jpg,train,12212224,9923,0.0812546510774778,35,55,1381,225
C:\Users\SHIVANYA SALES\Desktop\DR tejas\SIH_DR_Screening\dataset\IDRiD\A. Segmentation\1. Original Images\a. Training Set\IDRiD_07.jpg,train,12212224,12623,0.103363646130304,43,54,828,261
C:\Users\SHIVANYA SALES\Desktop\DR tejas\SIH_DR_Screening\dataset\IDRiD\A. Segmentation\1. Original Images\a. Training Set\IDRiD_08.jpg,train,12212224,4188,0.0342935078819386,16,65,662,241
C:\Users\SHIVANYA SALES\Desktop\DR tejas\SIH_DR_Screening\dataset\IDRiD\A. Segmentation\1. Original Images\a. Training Set\IDRiD_09.jpg,train,12212224,35141,0.28775266487087,54,179,2042,590
C:\Users\SHIVANYA SALES\Desktop\DR tejas\SIH_DR_Screening\dataset\IDRiD\A. Segmentation\1. Original Images\a. Training Set\IDRiD_10.jpg,train,12212224,33484,0.274184292721784,89,84,1499,292
C:\Users\SHIVANYA SALES\Desktop\DR tejas\SIH_DR_Screening\dataset\IDRiD\A. Segmentation\1. Original Images\a. Training Set\IDRiD_11.jpg,train,12212224,21345,0.174783888667617,70,23,899,278.5
C:\Users\SHIVANYA SALES\Desktop\DR tejas\SIH_DR_Screening\dataset\IDRiD\A. Segmentation\1. Original Images\a. Training Set\IDRiD_12.jpg,train,12212224,3952,0.0323610179439879,17,78,709,190
C:\Users\SHIVANYA SALES\Desktop\DR tejas\SIH_DR_Screening\dataset\IDRiD\A. Segmentation\1. Original Images\a. Training Set\IDRiD_13.jpg,train,12212224,34267,0.280595901287104,125,30,1161,212
C:\Users\SHIVANYA SALES\Desktop\DR tejas\SIH_DR_Screening\dataset\IDRiD\A. Segmentation\1. Original Images\a. Training Set\IDRiD_14.jpg,train,12212224,25362,0.20767716019621,97,44,752,236
C:\Users\SHIVANYA SALES\Desktop\DR tejas\SIH_DR_Screening\dataset\IDRiD\A. Segmentation\1. Original Images\a. Training Set\IDRiD_15.jpg,train,12212224,2042,0.0167209510732853,7,114,461,270
C:\Users\SHIVANYA SALES\Desktop\DR tejas\SIH_DR_Screening\dataset\IDRiD\A. Segmentation\1. Original Images\a. Training Set\IDRiD_16.jpg,train,12212224,3872,0.0317059366090894,10,77,1017,291
C:\Users\SHIVANYA SALES\Desktop\DR tejas\SIH_DR_Screening\dataset\IDRiD\A. Segmentation\1. Original Images\a. Training Set\IDRiD_17.jpg,train,12212224,14207,0.116334256561295,39,79,770,313
C:\Users\SHIVANYA SALES\Desktop\DR tejas\SIH_DR_Screening\dataset\IDRiD\A. Segmentation\1. Original Images\a. Training Set\IDRiD_18.jpg,train,12212224,24706,0.202305493250042,80,24,819,263
C:\Users\SHIVANYA SALES\Desktop\DR tejas\SIH_DR_Screening\dataset\IDRiD\A. Segmentation\1. Original Images\a. Training Set\IDRiD_19.jpg,train,12212224,6092,0.0498844436525239,23,127,630,242
C:\Users\SHIVANYA SALES\Desktop\DR tejas\SIH_DR_Screening\dataset\IDRiD\A. Segmentation\1. Original Images\a. Training Set\IDRiD_20.jpg,train,12212224,26027,0.213122523792554,104,13,810,226.5
C:\Users\SHIVANYA SALES\Desktop\DR tejas\SIH_DR_Screening\dataset\IDRiD\A. Segmentation\1. Original Images\a. Training Set\IDRiD_21.jpg,train,12212224,21573,0.176650870472078,80,27,981,225
C:\Users\SHIVANYA SALES\Desktop\DR tejas\SIH_DR_Screening\dataset\IDRiD\A. Segmentation\1. Original Images\a. Training Set\IDRiD_22.jpg,train,12212224,10367,0.0848903524861647,29,101,807,328
C:\Users\SHIVANYA SALES\Desktop\DR tejas\SIH_DR_Screening\dataset\IDRiD\A. Segmentation\1. Original Images\a. Training Set\IDRiD_23.jpg,train,12212224,4531,0.0371021691053161,14,57,925,289
C:\Users\SHIVANYA SALES\Desktop\DR tejas\SIH_DR_Screening\dataset\IDRiD\A. Segmentation\1. Original Images\a. Training Set\IDRiD_24.jpg,train,12212224,1354,0.0110872515931578,4,213,581,280
C:\Users\SHIVANYA SALES\Desktop\DR tejas\SIH_DR_Screening\dataset\IDRiD\A. Segmentation\1. Original Images\a. Training Set\IDRiD_25.jpg,train,12212224,23423,0.191799626341607,67,65,1269,281
C:\Users\SHIVANYA SALES\Desktop\DR tejas\SIH_DR_Screening\dataset\IDRiD\A. Segmentation\1. Original Images\a. Training Set\IDRiD_26.jpg,train,12212224,19627,0.160716017000671,62,82,978,255
C:\Users\SHIVANYA SALES\Desktop\DR tejas\SIH_DR_Screening\dataset\IDRiD\A. Segmentation\1. Original Images\a. Training Set\IDRiD_27.jpg,train,12212224,25746,0.210821550603723,106,44,1924,171.5
C:\Users\SHIVANYA SALES\Desktop\DR tejas\SIH_DR_Screening\dataset\IDRiD\A. Segmentation\1. Original Images\a. Training Set\IDRiD_28.jpg,train,12212224,4805,0.0393458226773436,23,65,669,169
C:\Users\SHIVANYA SALES\Desktop\DR tejas\SIH_DR_Screening\dataset\IDRiD\A. Segmentation\1. Original Images\a. Training Set\IDRiD_29.jpg,train,12212224,4525,0.0370530380051987,26,60,458,153
C:\Users\SHIVANYA SALES\Desktop\DR tejas\SIH_DR_Screening\dataset\IDRiD\A. Segmentation\1. Original Images\a. Training Set\IDRiD_30.jpg,train,12212224,7308,0.0598416799429817,22,87,822,302.5
C:\Users\SHIVANYA SALES\Desktop\DR tejas\SIH_DR_Screening\dataset\IDRiD\A. Segmentation\1. Original Images\a. Training Set\IDRiD_31.jpg,train,12212224,8156,0.0667855420929063,28,59,577,268
C:\Users\SHIVANYA SALES\Desktop\DR tejas\SIH_DR_Screening\dataset\IDRiD\A. Segmentation\1. Original Images\a. Training Set\IDRiD_32.jpg,train,12212224,6068,0.0496879192520543,13,109,2051,211
C:\Users\SHIVANYA SALES\Desktop\DR tejas\SIH_DR_Screening\dataset\IDRiD\A. Segmentation\1. Original Images\a. Training Set\IDRiD_33.jpg,train,12212224,36212,0.296522566241825,126,16,1412,234
C:\Users\SHIVANYA SALES\Desktop\DR tejas\SIH_DR_Screening\dataset\IDRiD\A. Segmentation\1. Original Images\a. Training Set\IDRiD_34.jpg,train,12212224,12563,0.10287233512913,44,58,737,229.5
C:\Users\SHIVANYA SALES\Desktop\DR tejas\SIH_DR_Screening\dataset\IDRiD\A. Segmentation\1. Original Images\a. Training Set\IDRiD_35.jpg,train,12212224,13997,0.114614668057186,42,75,1704,248.5
C:\Users\SHIVANYA SALES\Desktop\DR tejas\SIH_DR_Screening\dataset\IDRiD\A. Segmentation\1. Original Images\a. Training Set\IDRiD_36.jpg,train,12212224,9857,0.0807142089761865,43,72,788,182
C:\Users\SHIVANYA SALES\Desktop\DR tejas\SIH_DR_Screening\dataset\IDRiD\A. Segmentation\1. Original Images\a. Training Set\IDRiD_37.jpg,train,12212224,6464,0.0529305718598021,27,36,740,165
C:\Users\SHIVANYA SALES\Desktop\DR tejas\SIH_DR_Screening\dataset\IDRiD\A. Segmentation\1. Original Images\a. Training Set\IDRiD_38.jpg,train,12212224,9359,0.0766363276664431,34,64,1012,188.5
C:\Users\SHIVANYA SALES\Desktop\DR tejas\SIH_DR_Screening\dataset\IDRiD\A. Segmentation\1. Original Images\a. Training Set\IDRiD_39.jpg,train,12212224,38066,0.311704076178098,119,38,958,277
C:\Users\SHIVANYA SALES\Desktop\DR tejas\SIH_DR_Screening\dataset\IDRiD\A. Segmentation\1. Original Images\a. Training Set\IDRiD_40.jpg,train,12212224,6592,0.0539787019956398,35,80,459,174
C:\Users\SHIVANYA SALES\Desktop\DR tejas\SIH_DR_Screening\dataset\IDRiD\A. Segmentation\1. Original Images\a. Training Set\IDRiD_41.jpg,train,12212224,5486,0.0449222025406674,13,196,904,391
C:\Users\SHIVANYA SALES\Desktop\DR tejas\SIH_DR_Screening\dataset\IDRiD\A. Segmentation\1. Original Images\a. Training Set\IDRiD_42.jpg,train,12212224,2522,0.0206514390826765,10,44,731,218
C:\Users\SHIVANYA SALES\Desktop\DR tejas\SIH_DR_Screening\dataset\IDRiD\A. Segmentation\1. Original Images\a. Training Set\IDRiD_43.jpg,train,12212224,914,0.00748430425121583,3,253,398,263
C:\Users\SHIVANYA SALES\Desktop\DR tejas\SIH_DR_Screening\dataset\IDRiD\A. Segmentation\1. Original Images\a. Training Set\IDRiD_44.jpg,train,12212224,1932,0.0158202142377998,9,102,332,250
C:\Users\SHIVANYA SALES\Desktop\DR tejas\SIH_DR_Screening\dataset\IDRiD\A. Segmentation\1. Original Images\a. Training Set\IDRiD_45.jpg,train,12212224,2548,0.0208643405165185,12,59,347,245.5
C:\Users\SHIVANYA SALES\Desktop\DR tejas\SIH_DR_Screening\dataset\IDRiD\A. Segmentation\1. Original Images\a. Training Set\IDRiD_46.jpg,train,12212224,11628,0.0952160720275029,39,62,970,204
C:\Users\SHIVANYA SALES\Desktop\DR tejas\SIH_DR_Screening\dataset\IDRiD\A. Segmentation\1. Original Images\a. Training Set\IDRiD_47.jpg,train,12212224,3986,0.0326394275113198,13,119,505,290
C:\Users\SHIVANYA SALES\Desktop\DR tejas\SIH_DR_Screening\dataset\IDRiD\A. Segmentation\1. Original Images\a. Training Set\IDRiD_48.jpg,train,12212224,22353,0.183037913487339,81,60,1054,228
C:\Users\SHIVANYA SALES\Desktop\DR tejas\SIH_DR_Screening\dataset\IDRiD\A. Segmentation\1. Original Images\a. Training Set\IDRiD_49.jpg,train,12212224,16520,0.135274295656549,82,15,612,173.5
C:\Users\SHIVANYA SALES\Desktop\DR tejas\SIH_DR_Screening\dataset\IDRiD\A. Segmentation\1. Original Images\a. Training Set\IDRiD_50.jpg,train,12212224,5202,0.0425966638017776,11,136,995,390
C:\Users\SHIVANYA SALES\Desktop\DR tejas\SIH_DR_Screening\dataset\IDRiD\A. Segmentation\1. Original Images\a. Training Set\IDRiD_51.jpg,train,12212224,14362,0.117603476647661,46,97,867,246.5
C:\Users\SHIVANYA SALES\Desktop\DR tejas\SIH_DR_Screening\dataset\IDRiD\A. Segmentation\1. Original Images\a. Training Set\IDRiD_52.jpg,train,12212224,6671,0.0546255948138521,23,92,1454,193
C:\Users\SHIVANYA SALES\Desktop\DR tejas\SIH_DR_Screening\dataset\IDRiD\A. Segmentation\1. Original Images\a. Training Set\IDRiD_53.jpg,train,12212224,26531,0.217249536202415,118,33,1060,201.5
C:\Users\SHIVANYA SALES\Desktop\DR tejas\SIH_DR_Screening\dataset\IDRiD\A. Segmentation\1. Original Images\a. Training Set\IDRiD_54.jpg,train,12212224,24011,0.196614474153111,66,77,908,345
C:\Users\SHIVANYA SALES\Desktop\DR tejas\SIH_DR_Screening\dataset\IDRiD\A. Segmentation\1. Original Images\b. Testing Set\IDRiD_55.jpg,test,12212224,10410,0.0852424587036726,33,124,932,259
C:\Users\SHIVANYA SALES\Desktop\DR tejas\SIH_DR_Screening\dataset\IDRiD\A. Segmentation\1. Original Images\b. Testing Set\IDRiD_56.jpg,test,12212224,10726,0.0878300299765219,21,143,1198,471
C:\Users\SHIVANYA SALES\Desktop\DR tejas\SIH_DR_Screening\dataset\IDRiD\A. Segmentation\1. Original Images\b. Testing Set\IDRiD_57.jpg,test,12212224,2101,0.0172040735577729,10,62,457,177.5
C:\Users\SHIVANYA SALES\Desktop\DR tejas\SIH_DR_Screening\dataset\IDRiD\A. Segmentation\1. Original Images\b. Testing Set\IDRiD_58.jpg,test,12212224,7408,0.0606605316116049,22,76,731,307.5
C:\Users\SHIVANYA SALES\Desktop\DR tejas\SIH_DR_Screening\dataset\IDRiD\A. Segmentation\1. Original Images\b. Testing Set\IDRiD_59.jpg,test,12212224,11551,0.0945855562426631,33,77,995,283
C:\Users\SHIVANYA SALES\Desktop\DR tejas\SIH_DR_Screening\dataset\IDRiD\A. Segmentation\1. Original Images\b. Testing Set\IDRiD_60.jpg,test,12212224,10137,0.0830069936483314,34,86,761,262
C:\Users\SHIVANYA SALES\Desktop\DR tejas\SIH_DR_Screening\dataset\IDRiD\A. Segmentation\1. Original Images\b. Testing Set\IDRiD_61.jpg,test,12212224,18568,0.152044377829951,29,112,2231,523
C:\Users\SHIVANYA SALES\Desktop\DR tejas\SIH_DR_Screening\dataset\IDRiD\A. Segmentation\1. Original Images\b. Testing Set\IDRiD_62.jpg,test,12212224,3233,0.0264734744465873,11,101,642,238
C:\Users\SHIVANYA SALES\Desktop\DR tejas\SIH_DR_Screening\dataset\IDRiD\A. Segmentation\1. Original Images\b. Testing Set\IDRiD_63.jpg,test,12212224,2173,0.0177936467591816,3,187,1151,835
C:\Users\SHIVANYA SALES\Desktop\DR tejas\SIH_DR_Screening\dataset\IDRiD\A. Segmentation\1. Original Images\b. Testing Set\IDRiD_64.jpg,test,12212224,12343,0.101070861458159,40,84,814,298
C:\Users\SHIVANYA SALES\Desktop\DR tejas\SIH_DR_Screening\dataset\IDRiD\A. Segmentation\1. Original Images\b. Testing Set\IDRiD_65.jpg,test,12212224,16973,0.138983693715412,67,38,783,229
C:\Users\SHIVANYA SALES\Desktop\DR tejas\SIH_DR_Screening\dataset\IDRiD\A. Segmentation\1. Original Images\b. Testing Set\IDRiD_66.jpg,test,12212224,9144,0.0748757965789032,49,26,745,154
C:\Users\SHIVANYA SALES\Desktop\DR tejas\SIH_DR_Screening\dataset\IDRiD\A. Segmentation\1. Original Images\b. Testing Set\IDRiD_67.jpg,test,12212224,13242,0.108432337959081,30,138,1219,385.5
C:\Users\SHIVANYA SALES\Desktop\DR tejas\SIH_DR_Screening\dataset\IDRiD\A. Segmentation\1. Original Images\b. Testing Set\IDRiD_68.jpg,test,12212224,7450,0.0610044493124266,15,113,1489,446
C:\Users\SHIVANYA SALES\Desktop\DR tejas\SIH_DR_Screening\dataset\IDRiD\A. Segmentation\1. Original Images\b. Testing Set\IDRiD_69.jpg,test,12212224,10767,0.0881657591606574,43,32,880,197
C:\Users\SHIVANYA SALES\Desktop\DR tejas\SIH_DR_Screening\dataset\IDRiD\A. Segmentation\1. Original Images\b. Testing Set\IDRiD_70.jpg,test,12212224,8693,0.0711827755534127,17,179,1626,388
C:\Users\SHIVANYA SALES\Desktop\DR tejas\SIH_DR_Screening\dataset\IDRiD\A. Segmentation\1. Original Images\b. Testing Set\IDRiD_71.jpg,test,12212224,21182,0.173449160447761,59,58,1338,270
C:\Users\SHIVANYA SALES\Desktop\DR tejas\SIH_DR_Screening\dataset\IDRiD\A. Segmentation\1. Original Images\b. Testing Set\IDRiD_72.jpg,test,12212224,8355,0.0684150569134664,38,53,921,181
C:\Users\SHIVANYA SALES\Desktop\DR tejas\SIH_DR_Screening\dataset\IDRiD\A. Segmentation\1. Original Images\b. Testing Set\IDRiD_73.jpg,test,12212224,10305,0.0843826644516183,31,123,842,310
C:\Users\SHIVANYA SALES\Desktop\DR tejas\SIH_DR_Screening\dataset\IDRiD\A. Segmentation\1. Original Images\b. Testing Set\IDRiD_74.jpg,test,12212224,17343,0.142013444889317,77,53,1073,188
C:\Users\SHIVANYA SALES\Desktop\DR tejas\SIH_DR_Screening\dataset\IDRiD\A. Segmentation\1. Original Images\b. Testing Set\IDRiD_75.jpg,test,12212224,25490,0.208725290332048,96,56,841,221
C:\Users\SHIVANYA SALES\Desktop\DR tejas\SIH_DR_Screening\dataset\IDRiD\A. Segmentation\1. Original Images\b. Testing Set\IDRiD_76.jpg,test,12212224,25151,0.205949383175415,75,41,1271,296
C:\Users\SHIVANYA SALES\Desktop\DR tejas\SIH_DR_Screening\dataset\IDRiD\A. Segmentation\1. Original Images\b. Testing Set\IDRiD_77.jpg,test,12212224,12850,0.105222439418078,65,44,923,169
C:\Users\SHIVANYA SALES\Desktop\DR tejas\SIH_DR_Screening\dataset\IDRiD\A. Segmentation\1. Original Images\b. Testing Set\IDRiD_78.jpg,test,12212224,14364,0.117619853681033,57,30,846,192
C:\Users\SHIVANYA SALES\Desktop\DR tejas\SIH_DR_Screening\dataset\IDRiD\A. Segmentation\1. Original Images\b. Testing Set\IDRiD_79.jpg,test,12212224,20921,0.171311957592655,79,42,1039,189
C:\Users\SHIVANYA SALES\Desktop\DR tejas\SIH_DR_Screening\dataset\IDRiD\A. Segmentation\1. Original Images\b. Testing Set\IDRiD_80.jpg,test,12212224,689,0.00564188799681368,4,82,246,180.5
C:\Users\SHIVANYA SALES\Desktop\DR tejas\SIH_DR_Screening\dataset\IDRiD\A. Segmentation\1. Original Images\b. Testing Set\IDRiD_81.jpg,test,12212224,12327,0.100939845191179,47,17,1885,201
