file,trueFolder,qualityStatus,predictedClass,predGrade,confidence,calConf,referable,timeSec,passed,error
128753_left.png,Diabetic_Retinopathy,ACCEPT,Moderate,2,83.64,61.67,true,5.32,1,""
130196_right.png,Diabetic_Retinopathy,ACCEPT,No_DR,0,99.92,90.58,false,1.12,1,""
139891_right.png,Diabetic_Retinopathy,ACCEPT,No_DR,0,94.40,66.68,false,0.79,1,""
191969_left.png,Diabetic_Retinopathy,BORDERLINE,SevereProlif,3,95.31,70.87,true,1.41,1,""
193657_right.png,Diabetic_Retinopathy,ACCEPT,Mild,1,56.57,39.59,false,1.35,1,""
197048_left.png,Diabetic_Retinopathy,ACCEPT,SevereProlif,3,70.23,51.06,true,0.61,1,""
198341_left.png,Diabetic_Retinopathy,ACCEPT,SevereProlif,3,99.05,86.41,true,0.58,1,""
201453_right.png,Diabetic_Retinopathy,ACCEPT,SevereProlif,3,57.49,52.52,true,0.62,1,""
204059_left.png,Diabetic_Retinopathy,ACCEPT,SevereProlif,3,100.00,99.04,true,0.64,1,""
205925_left.png,Diabetic_Retinopathy,ACCEPT,SevereProlif,3,92.96,65.72,true,0.64,1,""
208163_right.png,Diabetic_Retinopathy,ACCEPT,SevereProlif,3,85.24,54.95,true,0.63,1,""
210116_right.png,Diabetic_Retinopathy,ACCEPT,SevereProlif,3,99.89,90.71,true,0.61,1,""
211420_left.png,Diabetic_Retinopathy,ACCEPT,Moderate,2,85.75,62.86,true,0.63,1,""
212597_left.png,Diabetic_Retinopathy,ACCEPT,SevereProlif,3,91.83,68.25,true,0.63,1,""
24804_right.png,Diabetic_Retinopathy,ACCEPT,SevereProlif,3,77.67,55.14,true,0.63,1,""
27522_right.png,Diabetic_Retinopathy,ACCEPT,Moderate,2,68.53,52.22,true,0.60,1,""
497946_left.png,Diabetic_Retinopathy,ACCEPT,SevereProlif,3,70.84,49.43,true,0.61,1,""
500559_right.png,Diabetic_Retinopathy,ACCEPT,SevereProlif,3,99.97,94.64,true,0.63,1,""
512582_left.png,Diabetic_Retinopathy,ACCEPT,Moderate,2,96.34,72.31,true,0.64,1,""
538824_left.png,Diabetic_Retinopathy,BORDERLINE,SevereProlif,3,55.21,50.28,true,1.06,1,""
542079_right.png,Diabetic_Retinopathy,ACCEPT,No_DR,0,76.69,48.95,false,0.62,1,""
574944_right.png,Diabetic_Retinopathy,ACCEPT,SevereProlif,3,91.29,65.98,true,0.60,1,""
617833_right.png,Diabetic_Retinopathy,ACCEPT,No_DR,0,99.71,87.68,false,0.62,1,""
63097_right.png,Diabetic_Retinopathy,ACCEPT,SevereProlif,3,77.54,55.21,true,0.61,1,""
71777_left.png,Diabetic_Retinopathy,ACCEPT,SevereProlif,3,51.85,39.60,true,0.62,1,""
109416_left.png,Normal,ACCEPT,No_DR,0,60.84,45.79,true,0.80,1,""
129563_left.png,Normal,ACCEPT,No_DR,0,99.96,92.74,false,0.62,1,""
138927_right.png,Normal,ACCEPT,Moderate,2,62.44,45.89,true,0.61,1,""
141483_right.png,Normal,ACCEPT,No_DR,0,64.18,42.49,false,0.75,1,""
192439_left.png,Normal,ACCEPT,SevereProlif,3,100.00,99.94,true,0.61,1,""
196847_right.png,Normal,ACCEPT,No_DR,0,98.97,80.43,false,0.61,1,""
198992_right.png,Normal,ACCEPT,No_DR,0,99.99,95.50,false,0.61,1,""
201164_left.png,Normal,ACCEPT,No_DR,0,99.92,91.93,false,0.61,1,""
202407_left.png,Normal,ACCEPT,No_DR,0,100.00,97.59,false,0.61,1,""
204851_right.png,Normal,ACCEPT,No_DR,0,100.00,98.54,false,0.59,1,""
206758_left.png,Normal,ACCEPT,No_DR,0,99.99,96.26,false,0.61,1,""
207311_right.png,Normal,ACCEPT,No_DR,0,69.10,45.98,true,0.63,1,""
209499_left.png,Normal,ACCEPT,No_DR,0,99.96,92.65,false,0.62,1,""
211262_left.png,Normal,ACCEPT,No_DR,0,99.91,90.95,false,0.61,1,""
213238_right.png,Normal,ACCEPT,No_DR,0,71.93,54.32,false,0.61,1,""
27427_left.png,Normal,ACCEPT,No_DR,0,90.75,60.27,false,0.62,1,""
43298_right.png,Normal,ACCEPT,No_DR,0,99.04,80.36,false,0.63,1,""
500140_left.png,Normal,ACCEPT,No_DR,0,100.00,99.72,false,0.63,1,""
515461_right.png,Normal,ACCEPT,No_DR,0,98.21,75.90,false,0.60,1,""
553731_right.png,Normal,ACCEPT,No_DR,0,99.70,88.27,false,0.59,1,""
615224_left.png,Normal,ACCEPT,No_DR,0,99.86,90.20,false,0.61,1,""
618286_right.png,Normal,ACCEPT,No_DR,0,47.32,37.04,true,0.60,1,""
62521_left.png,Normal,ACCEPT,No_DR,0,45.61,33.88,true,0.60,1,""
68783_left.png,Normal,ACCEPT,No_DR,0,64.54,51.90,true,0.60,1,""
94752_right.png,Normal,BORDERLINE,Moderate,2,56.26,43.06,true,0.99,1,""
