file,trueGrade,qualityStatus,predictedClass,predGrade,confidence,calConf,referable,timeSec,passed,error
002c21358ce6.png,0,ACCEPT,No_DR,0,100.00,99.77,false,5.23,1,""
1e036f2e7095.png,0,BORDERLINE,No_DR,0,100.00,97.46,false,2.58,1,""
3f44d749cd0b.png,0,ACCEPT,No_DR,0,99.32,85.75,false,0.86,1,""
5a179c123fd8.png,0,BORDERLINE,No_DR,0,99.25,84.66,false,0.75,1,""
780f9daaa24b.png,0,ACCEPT,No_DR,0,100.00,99.99,false,0.91,1,""
937bc1b924b1.png,0,ACCEPT,No_DR,0,100.00,99.65,false,0.55,1,""
ad029ba7fa8b.png,0,ACCEPT,No_DR,0,100.00,98.24,false,0.51,1,""
c90c6b94cf40.png,0,BORDERLINE,No_DR,0,100.00,98.30,false,0.67,1,""
e4c799738a19.png,0,ACCEPT,No_DR,0,100.00,99.97,false,0.59,1,""
ffd97f8cd5aa.png,0,ACCEPT,No_DR,0,100.00,99.99,false,0.59,1,""
0024cdab0c1e.png,1,ACCEPT,No_DR,0,91.69,69.71,false,0.68,1,""
1bb0ddfe753a.png,1,ACCEPT,Mild,1,91.24,65.31,false,0.66,1,""
36677b70b1ef.png,1,ACCEPT,No_DR,0,87.45,55.58,false,0.68,1,""
513b0a4651fa.png,1,ACCEPT,Mild,1,95.06,72.63,false,0.58,1,""
665ce639a331.png,1,ACCEPT,No_DR,0,70.31,54.31,false,0.67,1,""
849a91e9ab28.png,1,ACCEPT,No_DR,0,50.96,45.60,false,1.05,1,""
a443c4fd489c.png,1,ACCEPT,No_DR,0,99.99,96.52,false,0.60,1,""
c0968d41eb93.png,1,ACCEPT,No_DR,0,88.49,55.64,false,0.71,1,""
d85588ff2ebd.png,1,ACCEPT,No_DR,0,97.41,74.91,false,0.72,1,""
fecf4c5ae84b.png,1,ACCEPT,Mild,1,56.87,42.43,true,0.85,1,""
000c1434d8d7.png,2,ACCEPT,Moderate,2,99.84,88.42,true,0.77,1,""
1c5ad36fb799.png,2,ACCEPT,Moderate,2,48.52,41.65,true,0.74,1,""
354b8911d6ed.png,2,ACCEPT,Moderate,2,64.28,42.38,true,0.82,1,""
4ef0b485a7da.png,2,ACCEPT,Moderate,2,98.22,77.60,true,0.57,1,""
6c315ad3d07f.png,2,ACCEPT,Moderate,2,92.12,70.90,true,0.57,1,""
8b26d3cd61e8.png,2,ACCEPT,Moderate,2,97.78,75.04,true,0.65,1,""
a62ea0043aa7.png,2,ACCEPT,Moderate,2,87.38,55.15,true,0.67,1,""
c261b1aaa828.png,2,ACCEPT,Mild,1,83.82,61.34,false,0.68,1,""
df8365d6ac33.png,2,ACCEPT,Moderate,2,98.50,82.40,true,0.75,1,""
ffec9a18a3ce.png,2,BORDERLINE,Moderate,2,95.88,74.38,true,1.77,1,""
001639a390f0.png,3,ACCEPT,Moderate,2,86.88,54.67,true,0.73,1,""
1c9521878baf.png,3,ACCEPT,SevereProlif,3,95.84,76.28,true,0.71,1,""
3a1ecf5e2839.png,3,ACCEPT,No_DR,0,48.02,33.59,false,0.83,1,""
576e189d23d4.png,3,ACCEPT,Mild,1,71.37,49.88,false,0.61,1,""
6fe67482bfae.png,3,ACCEPT,SevereProlif,3,53.78,51.01,true,0.74,1,""
8ae049175db6.png,3,BORDERLINE,SevereProlif,3,95.24,65.99,true,1.75,1,""
a9e984b57556.png,3,ACCEPT,SevereProlif,3,83.68,51.87,true,0.60,1,""
c5a9ebef1517.png,3,ACCEPT,SevereProlif,3,91.49,70.19,true,0.71,1,""
e39b627cf648.png,3,ACCEPT,Moderate,2,99.12,80.24,true,0.58,1,""
ff8a0b45c789.png,3,ACCEPT,Moderate,2,68.14,45.98,true,0.60,1,""
