iter,loss,focal,dice,nPre,clip,overRel
1,4.429693,0.103627,0.865213,1.8284e+00,1,0
2,4.288138,0.110962,0.835435,2.7377e+00,1,0
3,4.312658,0.110965,0.840339,1.5290e+00,1,0
4,4.300965,0.110473,0.838098,7.3394e-01,0,0
5,4.483221,0.103781,0.875888,2.1417e+00,1,0
6,4.296742,0.110103,0.837328,1.0242e+00,1,0
7,4.351647,0.107204,0.848889,6.1804e-01,0,0
8,4.252020,0.112539,0.827896,2.9226e+00,1,0
9,4.451880,0.097460,0.870884,1.2712e+00,1,0
10,4.269059,0.110215,0.831769,2.4591e+00,1,0
11,4.149575,0.115936,0.806728,5.1330e+00,1,0
12,4.256591,0.105896,0.830139,1.7416e+00,1,0
13,4.320684,0.103563,0.843424,9.9939e-01,0,0
14,4.201419,0.118556,0.816573,3.7045e+00,1,0
15,4.084877,0.120712,0.792833,3.7810e+00,1,0
16,4.228113,0.114036,0.822815,7.8553e-01,0,0
17,4.122360,0.121956,0.800081,1.0156e+00,1,0
18,4.154101,0.122664,0.806287,9.6565e-01,0,0
19,4.347434,0.118957,0.845695,2.4389e+00,1,0
20,4.530087,0.117792,0.882459,2.8654e+00,1,0
21,4.068769,0.134344,0.786885,2.2735e+00,1,0
22,4.340794,0.122762,0.843606,2.2808e+00,1,0
23,4.114532,0.133833,0.796140,8.4612e-01,0,0
24,4.040704,0.131728,0.781795,3.3492e+00,1,0
25,4.249494,0.128986,0.824102,9.4534e-01,0,0
26,4.277205,0.126288,0.830183,9.9959e-01,0,0
27,4.258734,0.124723,0.826802,1.1741e+00,1,0
28,4.190745,0.128336,0.812482,1.0079e+00,1,0
29,4.264675,0.123836,0.828168,1.5994e+00,1,0
30,4.083484,0.129529,0.790791,1.5422e+00,1,0
31,4.218956,0.125912,0.818609,6.6251e-01,0,0
32,4.313304,0.119459,0.838769,1.1536e+00,1,0
33,4.256258,0.122695,0.826712,8.0355e-01,0,0
34,4.448921,0.111284,0.867527,2.3838e+00,1,0
35,4.405819,0.108699,0.859424,2.4991e+00,1,0
36,4.147513,0.117413,0.806020,2.3938e+00,1,0
37,4.157094,0.114906,0.808437,3.1377e+00,1,0
38,4.155013,0.115499,0.807903,3.3765e+00,1,0
39,4.397578,0.102957,0.858924,1.5475e+00,1,0
40,4.304115,0.110070,0.838809,1.1505e+00,1,0
41,4.246822,0.111233,0.827118,1.5316e+00,1,0
42,4.473567,0.104566,0.873800,2.1440e+00,1,0
43,4.192093,0.112132,0.815992,1.8790e+00,1,0
44,4.416482,0.100190,0.863258,1.1559e+00,1,0
45,4.252848,0.108125,0.828945,9.7968e-01,0,0
46,4.085804,0.120910,0.792979,4.7275e+00,1,0
47,4.420906,0.103180,0.863545,1.5529e+00,1,0
48,4.166059,0.116451,0.809921,3.1219e+00,1,0
49,4.245064,0.107749,0.827463,1.2656e+00,1,0
50,4.108365,0.124021,0.796869,3.4235e+00,1,0
51,4.305262,0.115268,0.837999,4.3325e-01,0,0
52,4.278996,0.117130,0.832373,4.9192e-01,0,0
53,4.149323,0.119544,0.805956,1.4491e+00,1,0
54,4.228807,0.124322,0.820897,7.8850e-01,0,0
55,4.307116,0.120427,0.837338,1.1902e+00,1,0
56,4.065138,0.127812,0.787465,2.1545e+00,1,0
57,4.208157,0.133943,0.814843,1.6974e+00,1,0
58,4.322385,0.121889,0.840099,2.1909e+00,1,0
59,4.039713,0.132774,0.781388,1.2505e+00,1,0
60,4.224023,0.129118,0.818981,6.0264e-01,0,0
61,4.262287,0.129049,0.826648,1.0542e+00,1,0
62,4.245761,0.124831,0.824186,2.3767e+00,1,0
63,4.132216,0.129449,0.800554,6.6667e-01,0,0
64,4.184446,0.129441,0.811001,8.3989e-01,0,0
65,4.193769,0.125210,0.813712,8.9561e-01,0,0
66,4.284337,0.127258,0.831416,1.6065e+00,1,0
67,4.235887,0.121866,0.822804,8.9184e-01,0,0
68,4.280143,0.119425,0.832144,1.0710e+00,1,0
69,4.381346,0.113876,0.853494,2.3116e+00,1,0
70,4.266833,0.117038,0.829959,9.4807e-01,0,0
71,3.996670,0.121129,0.775108,4.3084e+00,1,0
72,4.222880,0.110700,0.822436,1.0925e+00,1,0
73,4.342463,0.108043,0.846884,7.3532e-01,0,0
74,4.395869,0.102707,0.858633,1.9170e+00,1,0
75,4.340567,0.105684,0.846977,4.1169e-01,0,0
76,4.251650,0.106509,0.829028,1.0695e+00,1,0
77,4.205757,0.110797,0.818992,2.3586e+00,1,0
78,4.239667,0.107457,0.826442,1.7138e+00,1,0
79,4.258318,0.106798,0.830304,9.6199e-01,0,0
80,4.193646,0.111186,0.816492,1.8845e+00,1,0
81,4.187953,0.114399,0.814711,1.9637e+00,1,0
82,4.364324,0.108501,0.851165,1.1979e+00,1,0
83,4.163121,0.119170,0.808790,1.9733e+00,1,0
84,4.306344,0.115464,0.838176,1.0823e+00,1,0
85,4.272846,0.115988,0.831372,6.5536e-01,0,0
86,4.265261,0.117773,0.829498,8.2849e-01,0,0
87,4.125854,0.122116,0.800747,1.3190e+00,1,0
88,4.244793,0.118363,0.825286,1.0173e+00,1,0
89,4.249540,0.117162,0.826476,8.5213e-01,0,0
90,4.173106,0.123396,0.809942,7.2237e-01,0,0
91,4.236820,0.119638,0.823436,6.8884e-01,0,0
92,4.301776,0.118701,0.836615,1.4247e+00,1,0
93,4.135533,0.121443,0.802818,1.1119e+00,1,0
94,4.278860,0.117488,0.832274,1.3505e+00,1,0
95,4.216005,0.119826,0.819236,4.2172e-01,0,0
96,4.323596,0.117243,0.841271,1.1861e+00,1,0
97,4.289960,0.113205,0.835351,1.5283e+00,1,0
98,4.168286,0.121279,0.809401,1.6796e+00,1,0
99,4.232490,0.112458,0.824006,7.1073e-01,0,0
100,4.227085,0.116668,0.822083,3.3441e-01,0,0
101,4.041551,0.123059,0.783698,3.5644e+00,1,0
102,4.341704,0.112363,0.845868,1.3150e+00,1,0
103,4.248363,0.116029,0.826467,8.7586e-01,0,0
104,4.380278,0.114653,0.853125,6.6058e-01,0,0
105,4.263638,0.115239,0.829680,3.7488e-01,0,0
106,4.291365,0.114931,0.835287,5.6848e-01,0,0
107,4.152184,0.116096,0.807218,2.2216e+00,1,0
108,4.250529,0.114006,0.827305,1.0015e+00,1,0
109,4.145350,0.120916,0.804887,1.9116e+00,1,0
110,4.369756,0.112250,0.851501,1.0425e+00,1,0
111,4.334702,0.113167,0.844307,8.6508e-01,0,0
112,4.279005,0.112769,0.833247,1.1249e+00,1,0
113,4.321408,0.116115,0.841059,1.3369e+00,1,0
114,4.302318,0.112172,0.838029,6.5255e-01,0,0
115,4.385545,0.109631,0.855183,1.1177e+00,1,0
116,4.204305,0.118232,0.817215,1.3991e+00,1,0
117,4.177006,0.118637,0.811674,2.5016e+00,1,0
118,4.476803,0.103348,0.874691,2.6612e+00,1,0
119,4.339183,0.106930,0.846451,7.0626e-01,0,0
120,4.155292,0.116444,0.807770,2.9731e+00,1,0
