iter,loss,ce,dice,nPre,nPost,clip
1,1.880553,0.885478,0.995075,5.2091,1.0000,1
2,1.766699,0.769357,0.997341,1.6296,1.0000,1
3,1.630665,0.633022,0.997643,3.6261,1.0000,1
4,1.574971,0.575745,0.999226,1.9960,1.0000,1
5,1.439197,0.441083,0.998114,2.9417,1.0000,1
6,1.823266,0.831120,0.992145,2.0004,1.0000,1
7,1.516159,0.517312,0.998847,1.2830,1.0000,1
8,2.539454,1.552191,0.987263,7.2409,1.0000,1
9,1.581807,0.586355,0.995452,1.6812,1.0000,1
10,2.166958,1.173334,0.993624,5.0785,1.0000,1
11,1.490219,0.491321,0.998898,1.1095,1.0000,1
12,1.392567,0.393805,0.998761,1.9617,1.0000,1
13,1.847651,0.852793,0.994858,1.4614,1.0000,1
14,1.466481,0.469013,0.997468,0.6425,0.6425,0
15,2.236263,1.245004,0.991259,5.5501,1.0000,1
16,1.843884,0.852933,0.990951,2.6744,1.0000,1
17,1.540484,0.544007,0.996478,0.2348,0.2348,0
18,1.393913,0.394896,0.999017,2.2346,1.0000,1
19,1.626822,0.631775,0.995047,0.9150,0.9150,0
20,1.583292,0.585705,0.997586,0.4554,0.4554,0
21,1.711070,0.716027,0.995043,0.3809,0.3809,0
22,1.479472,0.481713,0.997760,1.3960,1.0000,1
23,1.812322,0.820997,0.991325,2.1347,1.0000,1
24,1.594955,0.599309,0.995646,1.2130,1.0000,1
25,1.539560,0.543500,0.996060,0.6271,0.6271,0
26,1.580372,0.582186,0.998186,2.7510,1.0000,1
27,1.340339,0.341434,0.998905,2.3810,1.0000,1
28,1.501109,0.503349,0.997760,1.2313,1.0000,1
29,1.413950,0.418674,0.995276,7.5529,1.0000,1
30,1.784655,0.785722,0.998932,11.8059,1.0000,1
31,1.745665,0.746451,0.999214,16.3960,1.0000,1
32,1.154558,0.155302,0.999256,2.3147,1.0000,1
33,1.453516,0.455435,0.998081,4.0440,1.0000,1
34,1.529330,0.532788,0.996542,1.9732,1.0000,1
35,1.594132,0.600533,0.993599,1.0375,1.0000,1
36,1.458140,0.460911,0.997228,1.0786,1.0000,1
37,1.485331,0.486841,0.998489,1.5569,1.0000,1
38,1.278972,0.279100,0.999872,2.1330,1.0000,1
39,1.429686,0.431996,0.997690,1.9031,1.0000,1
40,1.405354,0.407951,0.997402,2.0051,1.0000,1
41,1.894637,0.901417,0.993220,31.3858,1.0000,1
42,1.379203,0.383200,0.996002,1.8527,1.0000,1
43,1.500891,0.507349,0.993542,4.0439,1.0000,1
44,1.199466,0.199531,0.999936,2.4421,1.0000,1
45,1.718218,0.724106,0.994112,46.5421,1.0000,1
46,2.033147,1.041574,0.991573,8.3951,1.0000,1
47,1.568888,0.574343,0.994545,16.1625,1.0000,1
48,1.182802,0.183387,0.999415,2.6731,1.0000,1
49,1.352271,0.355021,0.997250,2.0723,1.0000,1
50,1.444813,0.448734,0.996079,1.4858,1.0000,1
51,1.282075,0.283814,0.998260,1.3104,1.0000,1
52,1.404832,0.408297,0.996535,2.1025,1.0000,1
53,1.479631,0.484827,0.994803,1.1289,1.0000,1
54,1.271813,0.276481,0.995332,0.3619,0.3619,0
55,1.434471,0.438748,0.995723,0.3539,0.3539,0
56,1.532570,0.537271,0.995299,0.3777,0.3777,0
57,1.822000,0.828359,0.993640,9.7276,1.0000,1
58,1.390636,0.393568,0.997068,2.0418,1.0000,1
59,1.682365,0.694055,0.988311,2.7528,1.0000,1
60,1.496973,0.501774,0.995199,0.3338,0.3338,0
61,1.499483,0.501971,0.997512,1.3748,1.0000,1
62,1.356993,0.359933,0.997060,2.0693,1.0000,1
63,1.217354,0.218544,0.998810,2.9131,1.0000,1
64,1.136941,0.137320,0.999621,1.9912,1.0000,1
65,1.464374,0.468785,0.995588,1.2881,1.0000,1
66,1.682392,0.689379,0.993012,1.1095,1.0000,1
67,1.203838,0.204523,0.999315,3.8706,1.0000,1
68,1.139262,0.139995,0.999267,1.4664,1.0000,1
69,1.157466,0.158824,0.998642,0.6712,0.6712,0
70,1.241306,0.243048,0.998258,5.3896,1.0000,1
71,1.228416,0.230450,0.997967,0.8056,0.8056,0
72,1.479983,0.485783,0.994200,2.6713,1.0000,1
73,2.046175,1.058556,0.987619,7.1034,1.0000,1
74,1.435322,0.439992,0.995330,2.6251,1.0000,1
75,2.469101,1.483392,0.985710,11.7771,1.0000,1
76,1.306832,0.307185,0.999648,3.3670,1.0000,1
77,2.009497,1.018234,0.991264,6.5968,1.0000,1
78,1.177007,0.177741,0.999266,2.5639,1.0000,1
79,1.677943,0.690428,0.987515,2.3582,1.0000,1
80,1.490521,0.494004,0.996517,1.1363,1.0000,1
81,1.777510,0.790512,0.986999,2.8778,1.0000,1
82,1.752376,0.761342,0.991034,1.2309,1.0000,1
83,1.275985,0.277032,0.998952,0.9671,0.9671,0
84,1.807221,0.816137,0.991085,0.4609,0.4609,0
85,1.403388,0.405639,0.997748,1.9101,1.0000,1
86,1.259595,0.259994,0.999601,2.9929,1.0000,1
87,1.388741,0.392433,0.996308,3.0330,1.0000,1
88,1.692504,0.707547,0.984957,2.5246,1.0000,1
89,1.408706,0.414369,0.994337,0.8804,0.8804,0
90,1.563060,0.571731,0.991329,1.7842,1.0000,1
91,1.222353,0.226154,0.996199,2.5320,1.0000,1
92,1.981424,1.005269,0.976155,19.8522,1.0000,1
93,1.495420,0.506651,0.988769,7.6774,1.0000,1
94,1.503995,0.504654,0.999341,18.9945,1.0000,1
95,2.704090,1.722619,0.981470,37.0154,1.0000,1
96,1.777099,0.785953,0.991147,12.2081,1.0000,1
97,1.200953,0.201919,0.999035,4.7817,1.0000,1
98,1.603353,0.615702,0.987651,11.7214,1.0000,1
99,1.415407,0.421051,0.994356,2.2436,1.0000,1
100,2.074402,1.076679,0.997724,1.4673,1.0000,1
101,1.347791,0.351355,0.996436,3.3736,1.0000,1
102,1.361543,0.367778,0.993765,1.6368,1.0000,1
103,1.452289,0.458739,0.993550,1.4062,1.0000,1
104,2.062032,1.072095,0.989937,12.2570,1.0000,1
105,1.345164,0.348672,0.996492,0.6234,0.6234,0
106,1.476616,0.481043,0.995573,1.5614,1.0000,1
107,1.300974,0.307756,0.993218,0.5417,0.5417,0
108,1.275204,0.277723,0.997481,3.0360,1.0000,1
109,1.313004,0.315081,0.997923,1.7953,1.0000,1
110,1.548907,0.554273,0.994634,3.6597,1.0000,1
111,1.551613,0.562671,0.988942,5.8914,1.0000,1
112,1.177552,0.182547,0.995005,0.8093,0.8093,0
113,1.233395,0.235036,0.998359,1.0321,1.0000,1
114,1.289811,0.293826,0.995986,0.6105,0.6105,0
115,1.143026,0.150277,0.992749,0.4041,0.4041,0
116,1.420863,0.423739,0.997123,3.7928,1.0000,1
117,1.528025,0.536712,0.991314,2.1175,1.0000,1
118,1.583437,0.594534,0.988902,1.3788,1.0000,1
119,1.232587,0.239234,0.993354,0.5099,0.5099,0
120,1.564853,0.569543,0.995310,1.4720,1.0000,1
121,1.430620,0.438619,0.992001,1.1210,1.0000,1
122,1.512643,0.519548,0.993095,1.8809,1.0000,1
123,2.594383,1.605335,0.989047,98.1005,1.0000,1
124,1.152253,0.153108,0.999144,1.7467,1.0000,1
125,1.651004,0.656795,0.994208,4.7250,1.0000,1
126,1.564783,0.587201,0.977583,1.9386,1.0000,1
127,1.844314,0.848177,0.996137,11.5361,1.0000,1
128,1.480663,0.494531,0.986133,1.0582,1.0000,1
129,1.309274,0.317502,0.991771,1.4842,1.0000,1
130,1.621924,0.630959,0.990965,2.9209,1.0000,1
131,1.696825,0.707934,0.988892,4.2015,1.0000,1
132,1.499061,0.502796,0.996265,1.9881,1.0000,1
133,1.303655,0.308338,0.995318,1.8043,1.0000,1
134,1.703941,0.725035,0.978906,7.3331,1.0000,1
135,1.297233,0.298638,0.998595,3.4037,1.0000,1
136,1.609649,0.619780,0.989869,0.8691,0.8691,0
137,1.500918,0.505671,0.995247,0.3826,0.3826,0
138,1.343355,0.347370,0.995985,0.6986,0.6986,0
139,1.781319,0.799723,0.981596,2.2010,1.0000,1
140,1.545681,0.550564,0.995117,0.9847,0.9847,0
141,1.317146,0.319677,0.997469,1.2284,1.0000,1
142,1.274625,0.276819,0.997807,4.0052,1.0000,1
143,1.527116,0.533373,0.993743,1.0136,1.0000,1
144,1.320263,0.321671,0.998592,2.6513,1.0000,1
145,1.264159,0.272295,0.991864,1.4956,1.0000,1
146,1.458586,0.460915,0.997671,2.0174,1.0000,1
147,1.435848,0.440336,0.995512,5.5309,1.0000,1
148,1.825730,0.830286,0.995444,9.5821,1.0000,1
149,2.470950,1.486071,0.984879,19.0655,1.0000,1
150,1.301905,0.306887,0.995018,1.9936,1.0000,1
151,1.222256,0.228039,0.994217,0.1955,0.1955,0
152,1.159256,0.160106,0.999150,1.6354,1.0000,1
153,1.317310,0.319494,0.997816,1.0276,1.0000,1
154,1.319009,0.321059,0.997950,1.3107,1.0000,1
155,1.611268,0.620256,0.991012,4.3168,1.0000,1
156,2.129135,1.137727,0.991408,10.1339,1.0000,1
157,1.208589,0.210326,0.998263,0.8375,0.8375,0
158,1.530293,0.536665,0.993629,0.8014,0.8014,0
159,1.406618,0.412744,0.993874,1.4929,1.0000,1
160,1.719354,0.729713,0.989641,2.1860,1.0000,1
161,1.460161,0.463501,0.996661,0.8232,0.8232,0
162,1.706134,0.714054,0.992080,3.1768,1.0000,1
163,1.278800,0.279896,0.998904,3.0838,1.0000,1
164,1.490928,0.500044,0.990885,2.1108,1.0000,1
165,1.224827,0.226226,0.998602,2.0476,1.0000,1
166,1.517884,0.523390,0.994493,2.3686,1.0000,1
167,1.450551,0.462254,0.988297,1.1848,1.0000,1
168,1.322356,0.323841,0.998516,3.7411,1.0000,1
169,1.343822,0.348522,0.995300,2.5916,1.0000,1
170,1.380279,0.387892,0.992387,0.8405,0.8405,0
171,1.379116,0.382318,0.996797,2.9731,1.0000,1
172,1.448878,0.456497,0.992381,0.9704,0.9704,0
173,1.208147,0.209234,0.998914,2.9454,1.0000,1
174,2.040633,1.052246,0.988387,10.8239,1.0000,1
175,1.729504,0.738786,0.990718,3.8841,1.0000,1
176,1.819445,0.828198,0.991248,9.8219,1.0000,1
177,1.650258,0.658492,0.991766,2.7052,1.0000,1
178,1.284119,0.288680,0.995439,30.6419,1.0000,1
179,1.509148,0.523222,0.985926,6.0478,1.0000,1
180,1.274990,0.276240,0.998750,2.3222,1.0000,1
181,1.477381,0.484387,0.992995,0.6507,0.6507,0
182,1.838066,0.848134,0.989932,10.5720,1.0000,1
183,1.378940,0.385234,0.993706,2.0455,1.0000,1
184,1.204405,0.208211,0.996194,0.6219,0.6219,0
185,1.250152,0.255097,0.995054,1.8259,1.0000,1
186,1.290684,0.292346,0.998338,1.6352,1.0000,1
187,1.148040,0.148166,0.999874,1.9969,1.0000,1
188,1.301523,0.308971,0.992553,0.8272,0.8272,0
189,1.477526,0.490699,0.986827,1.5261,1.0000,1
190,1.432349,0.435679,0.996670,1.0909,1.0000,1
191,1.463576,0.465525,0.998051,1.5365,1.0000,1
192,1.243891,0.244893,0.998998,0.5314,0.5314,0
193,1.816427,0.827678,0.988749,4.5051,1.0000,1
194,1.592883,0.596889,0.995994,3.9905,1.0000,1
195,1.910149,0.920148,0.990000,5.5845,1.0000,1
196,1.446062,0.449932,0.996129,3.5492,1.0000,1
197,1.327257,0.330811,0.996446,1.9016,1.0000,1
198,1.340731,0.345716,0.995015,0.7666,0.7666,0
199,1.693460,0.701662,0.991798,1.8916,1.0000,1
200,1.333239,0.335042,0.998197,2.7568,1.0000,1
201,1.450561,0.454818,0.995743,3.8730,1.0000,1
202,1.240869,0.242218,0.998651,0.9149,0.9149,0
203,1.533059,0.539260,0.993799,1.1742,1.0000,1
204,1.389011,0.393222,0.995790,0.5197,0.5197,0
205,1.297441,0.300513,0.996929,2.1243,1.0000,1
206,1.275650,0.277824,0.997826,2.0163,1.0000,1
207,1.260369,0.265675,0.994694,0.3740,0.3740,0
208,1.284345,0.285345,0.999001,1.3198,1.0000,1
209,1.497443,0.502042,0.995402,2.4669,1.0000,1
210,1.938010,0.943035,0.994975,7.3467,1.0000,1
211,1.337505,0.339065,0.998440,0.5133,0.5133,0
212,1.606671,0.617046,0.989625,0.6599,0.6599,0
213,1.255912,0.257846,0.998066,0.4792,0.4792,0
214,1.229669,0.230503,0.999166,1.5449,1.0000,1
215,1.469348,0.473113,0.996235,3.0077,1.0000,1
216,1.235001,0.239696,0.995305,1.4158,1.0000,1
217,1.594292,0.602490,0.991802,5.2860,1.0000,1
218,1.159355,0.163174,0.996180,0.6518,0.6518,0
219,1.544139,0.551070,0.993069,2.1133,1.0000,1
220,1.218374,0.222255,0.996119,0.7858,0.7858,0
221,1.444889,0.453743,0.991146,0.6625,0.6625,0
222,1.341874,0.345536,0.996338,1.0516,1.0000,1
223,1.640148,0.648754,0.991393,0.6902,0.6902,0
224,1.272821,0.275895,0.996926,1.3475,1.0000,1
225,1.504372,0.509799,0.994574,0.7297,0.7297,0
226,1.269850,0.280192,0.989658,0.9262,0.9262,0
227,1.448098,0.455098,0.993000,1.2043,1.0000,1
228,1.402714,0.409139,0.993574,1.3863,1.0000,1
229,1.396464,0.400195,0.996268,3.2848,1.0000,1
230,1.327682,0.334296,0.993386,0.6584,0.6584,0
231,1.735292,0.736915,0.998377,10.7398,1.0000,1
232,1.245199,0.246784,0.998415,1.6517,1.0000,1
233,1.205945,0.208995,0.996949,1.1906,1.0000,1
234,1.482399,0.488643,0.993756,1.2155,1.0000,1
235,2.303326,1.311283,0.992042,20.1616,1.0000,1
236,1.858637,0.875073,0.983564,11.4773,1.0000,1
237,1.456631,0.458124,0.998507,4.0655,1.0000,1
238,1.360202,0.364406,0.995796,2.0101,1.0000,1
239,1.460257,0.464140,0.996116,1.5735,1.0000,1
240,1.722901,0.725255,0.997646,5.2130,1.0000,1
241,1.179013,0.181932,0.997081,2.8016,1.0000,1
242,1.757502,0.767608,0.989894,1.2741,1.0000,1
243,1.908779,0.917822,0.990958,10.1195,1.0000,1
244,1.424309,0.428264,0.996045,2.1730,1.0000,1
245,1.111566,0.112350,0.999217,1.2931,1.0000,1
246,1.316452,0.318494,0.997958,2.2894,1.0000,1
247,1.974624,0.985816,0.988807,10.7849,1.0000,1
248,1.438498,0.446424,0.992075,1.2193,1.0000,1
249,1.274126,0.278597,0.995529,3.7334,1.0000,1
250,1.441302,0.446401,0.994901,1.7697,1.0000,1
251,1.524463,0.528773,0.995690,1.3891,1.0000,1
252,1.200427,0.202421,0.998006,1.2962,1.0000,1
253,1.360841,0.363610,0.997231,3.8678,1.0000,1
254,1.257326,0.261306,0.996020,0.6998,0.6998,0
255,1.316002,0.320269,0.995733,2.0700,1.0000,1
256,1.623582,0.629057,0.994525,3.7598,1.0000,1
257,1.769140,0.782454,0.986686,4.2532,1.0000,1
258,1.647045,0.652006,0.995039,2.3628,1.0000,1
259,1.337987,0.340890,0.997096,1.1697,1.0000,1
260,1.429698,0.433081,0.996617,2.9263,1.0000,1
261,1.142860,0.143864,0.998996,1.4837,1.0000,1
262,1.699251,0.706783,0.992468,3.9415,1.0000,1
263,1.544259,0.546843,0.997416,2.0160,1.0000,1
264,1.425216,0.430930,0.994286,1.1194,1.0000,1
265,1.424972,0.428459,0.996513,1.2737,1.0000,1
266,1.406607,0.409972,0.996634,2.5761,1.0000,1
267,1.419598,0.423746,0.995851,1.2976,1.0000,1
268,1.310895,0.314710,0.996185,1.1860,1.0000,1
269,1.244289,0.246099,0.998191,2.7706,1.0000,1
270,1.629819,0.644850,0.984969,3.5116,1.0000,1
271,1.750117,0.754132,0.995985,4.6640,1.0000,1
272,1.542233,0.551338,0.990895,4.2368,1.0000,1
273,1.321280,0.324290,0.996990,2.0066,1.0000,1
274,1.691606,0.701798,0.989808,4.3887,1.0000,1
275,1.362954,0.370000,0.992953,1.2473,1.0000,1
276,1.235013,0.237226,0.997788,0.6095,0.6095,0
277,1.657569,0.668140,0.989429,5.3756,1.0000,1
278,1.128603,0.129386,0.999217,1.5580,1.0000,1
279,1.417708,0.418739,0.998968,3.0308,1.0000,1
280,1.518563,0.527423,0.991140,4.2041,1.0000,1
281,1.359244,0.365311,0.993934,0.6860,0.6860,0
282,1.561837,0.567517,0.994321,3.3324,1.0000,1
283,1.218963,0.220081,0.998882,1.4301,1.0000,1
284,1.176718,0.178524,0.998195,0.9164,0.9164,0
285,1.328189,0.332273,0.995917,2.2001,1.0000,1
286,1.422758,0.428836,0.993921,1.6077,1.0000,1
287,1.553395,0.564243,0.989152,7.3301,1.0000,1
288,1.669963,0.677292,0.992671,4.4302,1.0000,1
289,1.744730,0.754568,0.990162,5.5933,1.0000,1
290,1.271761,0.273495,0.998266,0.3608,0.3608,0
291,1.233810,0.239872,0.993938,1.5909,1.0000,1
292,1.413130,0.416328,0.996802,1.8342,1.0000,1
293,1.291496,0.302539,0.988957,1.6433,1.0000,1
294,1.507730,0.512168,0.995562,2.6080,1.0000,1
295,1.299797,0.305836,0.993961,1.1085,1.0000,1
296,1.377877,0.381038,0.996840,2.7582,1.0000,1
297,1.455610,0.456691,0.998919,8.1729,1.0000,1
298,1.487581,0.497811,0.989769,3.7290,1.0000,1
299,1.172545,0.173713,0.998832,1.3881,1.0000,1
300,1.394398,0.400126,0.994272,0.7515,0.7515,0
301,1.495915,0.499222,0.996693,2.6330,1.0000,1
302,1.495210,0.498366,0.996844,1.5089,1.0000,1
303,1.491372,0.497724,0.993649,1.7908,1.0000,1
304,1.717577,0.729982,0.987594,5.3678,1.0000,1
305,1.195553,0.195612,0.999942,4.3907,1.0000,1
306,1.458527,0.466562,0.991966,1.5191,1.0000,1
307,1.455898,0.462102,0.993796,0.9360,0.9360,0
308,1.633107,0.642528,0.990578,2.7148,1.0000,1
309,2.045355,1.061526,0.983829,6.0044,1.0000,1
310,1.305612,0.308385,0.997227,0.8688,0.8688,0
311,1.460672,0.463834,0.996838,3.0756,1.0000,1
312,1.795190,0.802689,0.992501,6.7559,1.0000,1
313,1.298244,0.302644,0.995600,0.6476,0.6476,0
314,1.582532,0.588225,0.994306,6.4153,1.0000,1
315,1.292906,0.294893,0.998013,1.2664,1.0000,1
316,1.081692,0.081962,0.999730,0.9032,0.9032,0
317,1.709129,0.721060,0.988069,1.3867,1.0000,1
318,1.302894,0.304289,0.998606,1.2895,1.0000,1
319,1.443785,0.449714,0.994071,1.3465,1.0000,1
320,1.983328,0.999288,0.984039,10.9997,1.0000,1
321,1.465877,0.472539,0.993338,2.3115,1.0000,1
322,1.172721,0.173070,0.999650,0.5658,0.5658,0
323,1.543329,0.553473,0.989856,0.9118,0.9118,0
324,1.235286,0.238554,0.996732,1.7126,1.0000,1
325,1.263963,0.268127,0.995836,1.8358,1.0000,1
326,1.621027,0.628570,0.992457,1.6754,1.0000,1
327,1.208863,0.210471,0.998392,3.1965,1.0000,1
328,1.311306,0.319599,0.991706,3.8735,1.0000,1
329,1.254463,0.259310,0.995153,1.5351,1.0000,1
330,1.513953,0.523174,0.990779,2.7226,1.0000,1
331,1.248861,0.254098,0.994763,1.3670,1.0000,1
332,1.249236,0.251920,0.997316,0.8938,0.8938,0
333,1.612313,0.617653,0.994660,4.0251,1.0000,1
334,1.294548,0.297473,0.997075,1.0452,1.0000,1
335,1.349455,0.364603,0.984852,1.1807,1.0000,1
336,1.332657,0.334784,0.997873,3.1442,1.0000,1
337,1.585674,0.594821,0.990853,1.5460,1.0000,1
338,1.315972,0.319746,0.996226,0.6260,0.6260,0
339,1.197162,0.201249,0.995914,1.2003,1.0000,1
340,1.498487,0.503821,0.994666,3.1985,1.0000,1
341,1.300456,0.307058,0.993398,0.5567,0.5567,0
342,2.129531,1.135918,0.993614,10.3729,1.0000,1
343,1.240306,0.241550,0.998756,2.2210,1.0000,1
344,1.340690,0.342387,0.998303,4.0863,1.0000,1
345,1.436893,0.439928,0.996966,3.2560,1.0000,1
346,1.304399,0.312449,0.991949,0.5974,0.5974,0
347,1.691020,0.696464,0.994556,3.8513,1.0000,1
348,1.370412,0.372980,0.997432,1.2801,1.0000,1
349,1.203601,0.207798,0.995803,0.6903,0.6903,0
350,2.074601,1.092738,0.981863,14.8173,1.0000,1
351,1.415598,0.422242,0.993356,3.1031,1.0000,1
352,1.395611,0.398093,0.997517,0.5506,0.5506,0
353,1.613248,0.623110,0.990138,3.7906,1.0000,1
354,1.436095,0.438136,0.997958,2.0305,1.0000,1
355,1.340649,0.344427,0.996222,0.7816,0.7816,0
356,1.574605,0.582052,0.992552,1.6133,1.0000,1
357,1.560321,0.566677,0.993644,1.6625,1.0000,1
358,1.855732,0.864160,0.991572,6.8952,1.0000,1
359,1.304684,0.306212,0.998472,0.6214,0.6214,0
360,2.064090,1.076950,0.987140,7.7006,1.0000,1
361,1.302612,0.306092,0.996521,0.7515,0.7515,0
362,1.157826,0.158367,0.999458,3.0466,1.0000,1
363,1.473059,0.476900,0.996159,1.9084,1.0000,1
364,1.328806,0.332213,0.996593,0.8850,0.8850,0
365,1.355313,0.357485,0.997828,4.1448,1.0000,1
366,1.297722,0.302072,0.995650,0.8175,0.8175,0
367,1.365996,0.371055,0.994941,0.8507,0.8507,0
368,1.568715,0.570371,0.998344,3.3680,1.0000,1
369,1.340772,0.344836,0.995936,0.9326,0.9326,0
370,1.506154,0.512322,0.993832,1.4417,1.0000,1
371,1.381342,0.385166,0.996176,0.5112,0.5112,0
372,1.310393,0.313134,0.997260,0.6893,0.6893,0
373,1.369740,0.375868,0.993872,1.6843,1.0000,1
374,1.258863,0.261626,0.997237,1.1509,1.0000,1
375,1.397223,0.401682,0.995542,0.5592,0.5592,0
376,1.832874,0.835971,0.996903,5.7211,1.0000,1
377,1.156618,0.159309,0.997309,0.4412,0.4412,0
378,1.257208,0.259106,0.998101,1.2948,1.0000,1
379,1.914105,0.925935,0.988170,10.8387,1.0000,1
380,1.818274,0.828736,0.989539,9.2713,1.0000,1
381,1.419314,0.424083,0.995231,1.9289,1.0000,1
382,1.519260,0.527235,0.992025,2.5645,1.0000,1
383,1.129873,0.133608,0.996265,0.7257,0.7257,0
384,2.020035,1.031262,0.988773,8.2950,1.0000,1
385,1.431765,0.438097,0.993669,2.4137,1.0000,1
386,1.397254,0.402949,0.994305,0.5133,0.5133,0
387,1.211466,0.214102,0.997364,0.7217,0.7217,0
388,1.689476,0.692350,0.997125,1.4289,1.0000,1
389,1.186851,0.187996,0.998855,2.5148,1.0000,1
390,1.464565,0.470746,0.993820,2.0144,1.0000,1
391,1.490988,0.496862,0.994126,3.8772,1.0000,1
392,1.400172,0.402511,0.997661,0.9619,0.9619,0
393,1.343925,0.346559,0.997367,30.2687,1.0000,1
394,1.140699,0.142523,0.998177,1.3264,1.0000,1
395,1.156390,0.157979,0.998411,0.9485,0.9485,0
396,1.672488,0.688593,0.983896,4.0401,1.0000,1
397,1.180806,0.180979,0.999828,2.2663,1.0000,1
398,1.378714,0.384305,0.994410,2.1107,1.0000,1
399,1.620210,0.628958,0.991252,5.3792,1.0000,1
400,1.582130,0.591276,0.990854,5.9107,1.0000,1
401,1.869437,0.881645,0.987792,5.1243,1.0000,1
402,1.554761,0.559425,0.995336,2.4255,1.0000,1
403,1.298889,0.302814,0.996075,1.8746,1.0000,1
404,1.801024,0.807356,0.993668,6.7466,1.0000,1
405,1.670391,0.677404,0.992987,2.6640,1.0000,1
406,1.969614,0.982639,0.986975,4.7965,1.0000,1
407,1.981843,0.993300,0.988544,5.4397,1.0000,1
408,1.442304,0.449955,0.992349,1.5890,1.0000,1
409,1.375937,0.378294,0.997644,1.4110,1.0000,1
410,1.320237,0.322367,0.997870,2.4599,1.0000,1
411,1.415571,0.419276,0.996295,1.4468,1.0000,1
412,1.266064,0.267478,0.998586,1.9468,1.0000,1
413,1.720146,0.740225,0.979921,3.4702,1.0000,1
414,1.603887,0.611616,0.992271,1.4221,1.0000,1
415,1.135151,0.135427,0.999724,2.8572,1.0000,1
416,1.691390,0.706656,0.984733,2.4318,1.0000,1
417,1.436187,0.437104,0.999083,4.1039,1.0000,1
418,1.459768,0.464416,0.995352,2.8226,1.0000,1
419,1.966181,0.974127,0.992054,7.8810,1.0000,1
420,1.424339,0.427992,0.996347,2.1896,1.0000,1
421,1.235696,0.240654,0.995042,0.9716,0.9716,0
422,1.656692,0.664761,0.991931,7.2398,1.0000,1
423,1.278702,0.283301,0.995401,0.8059,0.8059,0
424,1.240199,0.243813,0.996386,0.6072,0.6072,0
425,1.405462,0.406572,0.998890,2.3046,1.0000,1
426,1.339428,0.344290,0.995138,4.9459,1.0000,1
427,1.253573,0.261041,0.992532,1.3511,1.0000,1
428,1.258596,0.262002,0.996594,1.0790,1.0000,1
429,1.226819,0.233625,0.993195,3.0632,1.0000,1
430,1.158527,0.159312,0.999215,1.9924,1.0000,1
431,1.052365,0.053115,0.999249,0.9195,0.9195,0
432,1.375087,0.381053,0.994035,2.4388,1.0000,1
433,1.637629,0.647859,0.989770,8.5541,1.0000,1
434,1.813488,0.827339,0.986148,8.0085,1.0000,1
435,1.696126,0.705976,0.990150,4.6911,1.0000,1
436,1.169669,0.170580,0.999089,0.8874,0.8874,0
437,1.684486,0.697073,0.987413,2.6241,1.0000,1
438,1.580391,0.585025,0.995366,1.7352,1.0000,1
439,1.280302,0.283500,0.996802,2.4911,1.0000,1
440,1.658377,0.666283,0.992094,0.9401,0.9401,0
441,1.164017,0.165576,0.998441,1.9970,1.0000,1
442,1.281961,0.285100,0.996861,3.1158,1.0000,1
443,1.760728,0.772853,0.987874,4.8196,1.0000,1
444,1.155293,0.156111,0.999182,1.9618,1.0000,1
445,1.458981,0.466068,0.992913,2.0825,1.0000,1
446,1.431713,0.439717,0.991997,2.9903,1.0000,1
447,1.320871,0.327891,0.992980,1.1936,1.0000,1
448,1.171058,0.171556,0.999502,1.4581,1.0000,1
449,1.985965,0.992518,0.993448,12.6589,1.0000,1
450,1.275658,0.278175,0.997483,1.5601,1.0000,1
451,1.678299,0.685768,0.992531,2.1049,1.0000,1
452,1.277749,0.278660,0.999089,3.2464,1.0000,1
453,1.564777,0.569493,0.995284,2.3865,1.0000,1
454,1.560447,0.569448,0.990998,1.1310,1.0000,1
455,1.398041,0.405903,0.992138,1.8181,1.0000,1
456,1.784045,0.794532,0.989514,1.6058,1.0000,1
457,1.130879,0.131487,0.999392,1.7537,1.0000,1
458,1.700163,0.708310,0.991853,3.4011,1.0000,1
459,1.733661,0.738372,0.995289,3.4473,1.0000,1
460,1.597833,0.615651,0.982182,1.5461,1.0000,1
461,1.553207,0.557849,0.995357,1.6848,1.0000,1
462,1.401613,0.406828,0.994784,2.6967,1.0000,1
463,1.533213,0.538525,0.994688,1.3388,1.0000,1
464,1.356810,0.361660,0.995151,1.8022,1.0000,1
465,1.692105,0.698785,0.993320,3.0672,1.0000,1
466,1.283468,0.285103,0.998365,1.0232,1.0000,1
467,1.443661,0.452055,0.991606,2.0566,1.0000,1
468,1.252531,0.256560,0.995971,1.6792,1.0000,1
469,1.554279,0.561748,0.992530,2.8385,1.0000,1
470,1.375504,0.380320,0.995183,2.6415,1.0000,1
471,1.582594,0.585668,0.996926,3.9901,1.0000,1
472,1.340939,0.342950,0.997989,2.2920,1.0000,1
473,1.310728,0.314286,0.996442,2.0758,1.0000,1
474,1.384598,0.390834,0.993764,1.0212,1.0000,1
475,1.092002,0.092368,0.999633,1.8353,1.0000,1
476,1.423635,0.427015,0.996621,1.1384,1.0000,1
477,1.382647,0.386889,0.995757,2.5922,1.0000,1
478,1.775728,0.785413,0.990315,6.5616,1.0000,1
479,1.202934,0.204673,0.998261,0.8118,0.8118,0
480,1.242156,0.244515,0.997641,0.6194,0.6194,0
481,1.139504,0.142881,0.996623,0.7567,0.7567,0
482,1.579242,0.583659,0.995583,5.5473,1.0000,1
483,1.345469,0.347465,0.998004,3.3654,1.0000,1
484,1.551479,0.558051,0.993428,3.3362,1.0000,1
485,1.413739,0.417443,0.996296,2.3304,1.0000,1
486,1.136971,0.138552,0.998419,1.1643,1.0000,1
487,1.992191,1.001972,0.990219,8.6673,1.0000,1
488,1.300149,0.303785,0.996364,0.8008,0.8008,0
489,1.420865,0.427054,0.993811,1.5899,1.0000,1
490,1.206027,0.207972,0.998055,0.8334,0.8334,0
491,1.097411,0.097728,0.999683,1.7746,1.0000,1
492,1.887130,0.901412,0.985718,5.4455,1.0000,1
493,1.119385,0.119999,0.999387,0.5319,0.5319,0
494,1.223196,0.225111,0.998085,1.7975,1.0000,1
495,2.274650,1.275670,0.998980,4.6480,1.0000,1
496,1.786855,0.804348,0.982508,6.1508,1.0000,1
497,1.297709,0.299334,0.998374,0.6785,0.6785,0
498,1.713701,0.722213,0.991489,6.0494,1.0000,1
499,1.614801,0.625464,0.989337,2.6935,1.0000,1
500,1.578477,0.591452,0.987024,3.2151,1.0000,1
