row,isPos,d2f,d3f,d2b,d3b,gap2,gap3,hits,nLes,hitRate,fpFrac2
26,1,0.559899117276166,0.739606126914661,0.796992481203007,0.791245791245791,0.389704626558264,0.877480032096605,2,2,1,NaN
42,1,0.349587292779358,0.436886270308873,0.409933078922626,0.436886270308873,0.290223431383087,0.535580012392481,12,36,0.333333333333333,NaN
58,1,0.482272948033026,0.375612067603854,0.555456965394854,0.441310824230387,0.696730321489312,0.813923368941995,5,7,0.714285714285714,NaN
73,1,0.617342879872713,0.345833333333333,0.617342879872713,0.425755584756899,0.573119485288428,0.860970434637809,1,2,0.5,NaN
80,1,0.385912698412698,0.216094259212835,0.386186770428016,0.277327935222672,0.515055444903156,0.611687210765893,3,7,0.428571428571429,NaN
120,1,0.359260850880963,0.282337048294495,0.389018147975803,0.345311854605535,0.297119436870827,0.302122720998223,1,2,0.5,NaN
149,1,0.64754953076121,0.39610683567225,0.707880434782609,0.57101131799927,0.675145317077338,0.931924389310653,2,2,1,NaN
173,1,0.349068322981366,0.127731092436975,0.356396866840731,0.160950373634796,0.307985304321751,0.549000601399659,2,5,0.4,NaN
196,1,0.44131455399061,0.248341019007986,0.506079027355623,0.345484400656814,0.698663055459779,0.88960573606732,5,8,0.625,NaN
210,1,0,0,0,0,0.00743494838350434,0.000907371515703347,0,1,0,NaN
224,1,0.449355432780847,0.244380403458213,0.506044905008636,0.381843706130089,0.822615091755077,0.964097377372479,3,3,1,NaN
227,1,0.410828025477707,0.221059972105997,0.420650095602294,0.31947261663286,0.41274425463822,0.973673898624149,2,3,0.666666666666667,NaN
228,1,0.454288407163054,0.24051593323217,0.502754820936639,0.369494531480934,0.397509403594568,0.970890208864773,2,3,0.666666666666667,NaN
246,1,0.206549118387909,0.0728244529814598,0.25,0.120242691671263,0.478788573718015,0.790675366024593,2,3,0.666666666666667,NaN
265,1,0.48480930833872,0.164750957854406,0.497362471740769,0.268208815254767,0.806238250974453,0.969023733699811,1,1,1,NaN
315,1,0.530744336569579,0.297000731528895,0.567765567765568,0.404481792717087,0.469942927081509,0.778829751674993,1,1,1,NaN
361,0,0,0,0,0,NaN,NaN,0,0,NaN,0.00149154663085938
362,0,0,0,0,0,NaN,NaN,0,0,NaN,0
373,1,0.710144927536232,0.226714012564873,0.721504112808461,0.393110435663627,0.758850476602176,0.955878263206046,2,2,1,NaN
378,1,0.558722919042189,0.215859030837004,0.768987341772152,0.380139643134213,0.986570429465972,0.98335270272634,1,1,1,NaN
453,1,0.214285714285714,0.106696935300795,0.222575516693164,0.156275976724855,0.230422283053172,0.464304402490235,1,2,0.5,NaN
472,1,0.37397157816006,0.345998383185125,0.412881915772089,0.449343832020997,0.442192283868014,0.726824427865656,1,4,0.25,NaN
536,1,0.176100628930818,0.089448545375597,0.454388984509466,0.145377558221595,0.283418807886316,0.97448307575823,1,1,1,NaN
537,1,0.616100511865984,0.263356718834323,0.641488162344983,0.380853277835588,0.864824947398162,0.977521436616745,3,3,1,NaN
563,1,0,0.345132743362832,0.438095238095238,0.487417218543046,0.0894861466778604,0.899124618404951,0,1,0,NaN
603,1,0.805299539170507,0.427228709769296,0.822808093194359,0.576729802860456,0.906905360270888,0.984259379847596,2,2,1,NaN
630,1,0.406986190089358,0.268552311435523,0.443288241415193,0.384202827888835,0.480362422863997,0.847729044251645,3,3,1,NaN
634,1,0.282051282051282,0.115533318171481,0.297619047619048,0.183195095564371,0.781833499928016,0.905722005741316,1,2,0.5,NaN
652,1,0.610687022900763,0.219905213270142,0.759519038076152,0.353035143769968,0.912395569815086,0.959475069136394,1,1,1,NaN
662,1,0.750677506775068,0.136810798444292,0.812709030100334,0.281015037593985,0.828435502378133,0.964652901334663,1,1,1,NaN
729,0,0,0,0,0,NaN,NaN,0,0,NaN,0
747,1,0,0.0291139240506329,0.112107623318386,0.0506115563053564,0.0702995041110466,0.377874412423984,0,1,0,NaN
752,0,0,0,0,0,NaN,NaN,0,0,NaN,3.814697265625e-06
758,0,0,0,0,0,NaN,NaN,0,0,NaN,0.002288818359375
804,0,0,0,0,0,NaN,NaN,0,0,NaN,0
835,1,0,0,0,0.00557880055788006,2.51319607330483e-05,0.040361450001558,0,2,0,NaN
885,1,0.435810810810811,0.248076923076923,0.590389016018307,0.339920948616601,0.803842523671007,0.811631818092119,1,2,0.5,NaN
920,0,0,0,0,0,NaN,NaN,0,0,NaN,0
969,0,0,0,0,0,NaN,NaN,0,0,NaN,0
989,0,0,0,0,0,NaN,NaN,0,0,NaN,0
1038,0,0,0,0,0,NaN,NaN,0,0,NaN,0
1084,1,0,0,0.00561272217025257,0.0226104830421377,0.0251049083364253,0.0799410729825859,0,1,0,NaN
1105,1,0.314647377938517,0.141463414634146,0.495726495726496,0.217228464419476,0.676623958679076,0.709735610230394,1,2,0.5,NaN
1163,1,0,0.32621359223301,0,0.7,0.0014996308402692,0.910742212450829,0,1,0,NaN
1182,1,0.387323943661972,0.110441767068273,0.630872483221476,0.216535433070866,0.873042679549984,0.982645550994098,2,2,1,NaN
1196,1,0,0.0133928571428571,0.0317202114680765,0.0326109391124871,0.00598410348478476,0.0420204617227945,0,24,0,NaN
1210,0,0,0,0,0,NaN,NaN,0,0,NaN,0
1242,1,0,0.190317195325543,0.215962441314554,0.295336787564767,0.0555696698504019,0.674853852129069,0,2,0,NaN
1254,1,0.541353383458647,0.152768936982813,0.544959128065395,0.295566502463054,0.377288210783765,0.52571581540062,2,4,0.5,NaN
1255,1,0.531531531531532,0.190023752969121,0.580645161290323,0.392798690671031,0.741346259068062,0.958831697169623,2,2,1,NaN
