iter,epoch,loss,nPre,clip,over5count
1,1,13.688132,4.8894,1,1
2,1,13.541535,0.3653,0,2
3,1,13.625047,0.1131,0,3
4,1,13.605145,0.0985,0,4
5,2,13.600803,0.0765,0,5
6,2,13.509745,0.0589,0,6
7,2,13.703246,0.0452,0,7
8,2,13.635104,0.0343,0,8
9,3,13.771817,0.0253,0,9
10,3,13.566103,0.0221,0,10
11,3,13.518496,0.0180,0,11
12,3,13.591629,0.0147,0,12
13,4,13.734372,0.0114,0,13
14,4,13.537317,0.0108,0,14
15,4,13.552006,0.0101,0,15
16,4,13.624094,0.0100,0,16
17,5,13.473361,0.0097,0,17
18,5,13.688787,0.0093,0,18
19,5,13.735047,0.0085,0,19
20,5,13.550430,0.0070,0,20
21,6,13.585523,0.0058,0,21
22,6,13.594162,0.0042,0,22
23,6,13.576766,0.0029,0,23
24,6,13.691070,0.0015,0,24
25,7,13.507884,0.0011,0,25
26,7,13.591203,0.0008,0,26
27,7,13.647223,0.0007,0,27
28,7,13.701185,0.0007,0,28
29,8,13.760895,0.0007,0,29
30,8,13.568909,0.0007,0,30
31,8,13.539397,0.0006,0,31
32,8,13.578289,0.0006,0,32
33,9,13.480215,0.0006,0,33
34,9,13.602848,0.0007,0,34
35,9,13.685428,0.0007,0,35
36,9,13.678998,0.0006,0,36
37,10,13.583086,0.0007,0,37
38,10,13.650751,0.0007,0,38
39,10,13.633625,0.0007,0,39
40,10,13.580028,0.0007,0,40
