iter,loss,ce,dice,nPre,clip,overRel
1,13.680695,12.682220,0.998475,10.0344,1,0
2,13.261777,12.272100,0.989677,11.4649,1,0
3,13.320684,12.334455,0.986229,5.3068,1,0
4,13.302636,12.318027,0.984610,7.3621,1,0
5,13.623045,12.642198,0.980847,6.3156,1,0
6,13.303911,12.319710,0.984201,9.1605,1,0
7,13.324553,12.346901,0.977652,6.9328,1,0
8,13.076659,12.096853,0.979806,6.9098,1,0
9,13.618272,12.632866,0.985406,3.6462,1,0
10,13.087052,12.104788,0.982264,14.8887,1,0
11,12.833075,11.850360,0.982715,11.2200,1,0
12,13.140606,12.161351,0.979255,11.9565,1,0
13,13.337542,12.355881,0.981661,11.2022,1,0
14,12.932692,11.952942,0.979750,7.9784,1,0
15,12.731224,11.750580,0.980644,6.5864,1,0
16,13.175340,12.186839,0.988501,5.6626,1,0
17,12.879576,11.894068,0.985508,5.4288,1,0
18,12.982330,11.996543,0.985787,3.4182,1,0
19,13.461475,12.472490,0.988985,5.2841,1,0
20,13.727752,12.741587,0.986165,4.8020,1,0
21,12.701461,11.717762,0.983699,4.9323,1,0
22,13.323439,12.341360,0.982079,4.1253,1,0
23,12.746039,11.767441,0.978599,3.7141,1,0
24,12.625966,11.650294,0.975671,2.0135,1,0
25,13.108119,12.127753,0.980366,5.9997,1,0
26,13.169399,12.189640,0.979760,3.9171,1,0
27,13.218104,12.232043,0.986062,4.6935,1,0
28,13.003920,12.017117,0.986803,9.4540,1,0
29,13.169623,12.183887,0.985736,8.5990,1,0
30,12.810557,11.821428,0.989129,4.1330,1,0
31,13.038627,12.054757,0.983869,6.3983,1,0
32,13.258547,12.279624,0.978923,7.8018,1,0
33,13.089649,12.116144,0.973505,5.5885,1,0
34,13.519334,12.540316,0.979019,10.8037,1,0
35,13.571801,12.584997,0.986804,10.4613,1,0
36,12.951141,11.965958,0.985184,4.3394,1,0
37,12.943765,11.958495,0.985270,6.0723,1,0
38,12.929694,11.940531,0.989163,7.7413,1,0
39,13.492636,12.504828,0.987807,5.3284,1,0
40,13.161068,12.177841,0.983227,13.7375,1,0
41,13.132939,12.147137,0.985803,7.9509,1,0
42,13.401191,12.436536,0.964655,6.7035,1,0
43,12.965378,11.993543,0.971835,10.6339,1,0
44,13.557210,12.574000,0.983210,13.3807,1,0
45,13.155519,12.175341,0.980179,5.1699,1,0
46,12.697773,11.715243,0.982530,6.2645,1,0
47,13.445024,12.462784,0.982239,9.3731,1,0
48,12.891105,11.907631,0.983474,8.6276,1,0
49,13.241884,12.253601,0.988283,5.5631,1,0
50,12.698236,11.719938,0.978297,10.1380,1,0
51,13.127447,12.156627,0.970820,2.5228,1,0
52,13.153917,12.178589,0.975328,8.6860,1,0
53,12.958571,11.978693,0.979879,14.8850,1,0
54,13.025960,12.051233,0.974727,11.0922,1,0
55,13.181074,12.208704,0.972370,4.3033,1,0
56,12.671852,11.692372,0.979480,8.0426,1,0
57,12.769141,11.795840,0.973301,20.4645,1,0
58,13.319149,12.332947,0.986202,4.7647,1,0
59,12.588620,11.609489,0.979131,8.9138,1,0
60,13.041710,12.060613,0.981098,2.7760,1,0
61,13.141874,12.160617,0.981257,5.3369,1,0
62,13.237093,12.249046,0.988046,6.6152,1,0
63,12.894185,11.908229,0.985956,5.3668,1,0
64,12.928688,11.943773,0.984915,8.8198,1,0
65,13.026811,12.040779,0.986031,5.0842,1,0
66,13.045384,12.071516,0.973869,8.3946,1,0
67,13.085203,12.107192,0.978011,5.7892,1,0
68,13.197896,12.216932,0.980964,10.1036,1,0
69,13.470946,12.486711,0.984236,11.6977,1,0
70,13.169419,12.186646,0.982773,7.5253,1,0
71,12.558701,11.574179,0.984522,5.5852,1,0
72,13.103816,12.117884,0.985932,5.7831,1,0
73,13.281829,12.298435,0.983394,10.2993,1,0
74,13.522633,12.533981,0.988652,5.3682,1,0
75,13.280364,12.300596,0.979768,3.7873,1,0
76,13.136952,12.156660,0.980292,8.6128,1,0
77,12.972147,11.996453,0.975694,9.2948,1,0
78,13.092849,12.115124,0.977725,9.2571,1,0
79,13.183819,12.200498,0.983321,6.1680,1,0
80,12.958215,11.978233,0.979982,4.9185,1,0
81,12.925119,11.943834,0.981285,10.7256,1,0
82,13.416015,12.428458,0.987556,4.0424,1,0
83,12.931496,11.946784,0.984711,3.9305,1,0
84,13.197044,12.219587,0.977457,2.9605,1,0
85,13.238226,12.253263,0.984963,9.6677,1,0
86,13.160494,12.178499,0.981995,7.9671,1,0
87,12.882213,11.898836,0.983376,3.4197,1,0
88,13.175229,12.186223,0.989006,7.0024,1,0
89,13.169003,12.181013,0.987991,6.9777,1,0
90,12.926328,11.942069,0.984259,7.8229,1,0
91,13.097370,12.114450,0.982920,4.9086,1,0
92,13.150213,12.175774,0.974439,4.6324,1,0
93,12.811449,11.840342,0.971108,5.5453,1,0
94,13.247232,12.265207,0.982025,12.5352,1,0
95,13.045988,12.070074,0.975914,11.1805,1,0
96,13.156842,12.186940,0.969902,8.3862,1,0
97,13.241353,12.260006,0.981347,6.0836,1,0
98,12.877913,11.896660,0.981254,7.4069,1,0
99,13.181503,12.193114,0.988389,2.1396,1,0
100,13.048401,12.066397,0.982004,8.6144,1,0
101,12.631423,11.653093,0.978330,3.0174,1,0
102,13.347433,12.367496,0.979937,7.0651,1,0
103,13.136869,12.158216,0.978653,6.1036,1,0
104,13.321390,12.346280,0.975110,6.3137,1,0
105,13.167475,12.186255,0.981220,6.0492,1,0
106,13.172485,12.192345,0.980141,3.8932,1,0
107,12.964227,11.979475,0.984752,3.3858,1,0
108,13.118206,12.133942,0.984264,4.7350,1,0
109,12.902213,11.917551,0.984662,1.8626,1,0
110,13.371649,12.388586,0.983063,4.5758,1,0
111,13.322102,12.340377,0.981725,6.1220,1,0
112,13.202067,12.223022,0.979045,7.5865,1,0
113,13.230491,12.250336,0.980155,5.9000,1,0
114,13.277845,12.296041,0.981805,4.8315,1,0
115,13.392735,12.412066,0.980669,5.0232,1,0
116,12.980536,11.999266,0.981270,5.7498,1,0
117,12.888984,11.909027,0.979956,4.8401,1,0
118,13.520434,12.546329,0.974106,4.5787,1,0
119,13.341515,12.360247,0.981268,8.5165,1,0
120,12.874734,11.893120,0.981614,10.8388,1,0
121,13.385647,12.405822,0.979825,9.1748,1,0
122,13.033073,12.059908,0.973165,5.3633,1,0
123,12.949189,11.966433,0.982757,7.4217,1,0
124,13.064083,12.075340,0.988743,7.4749,1,0
125,13.453259,12.465986,0.987274,6.3153,1,0
126,12.470605,11.488212,0.982393,10.5102,1,0
127,12.777015,11.788400,0.988615,14.9228,1,0
128,12.887482,11.911501,0.975981,8.4005,1,0
129,13.574308,12.589336,0.984972,8.3639,1,0
130,13.466213,12.484819,0.981394,9.6324,1,0
131,13.535016,12.548327,0.986688,13.2619,1,0
132,13.285955,12.301853,0.984102,10.5870,1,0
133,13.135139,12.161593,0.973545,8.2660,1,0
134,12.984270,12.003235,0.981035,7.1692,1,0
135,13.440739,12.453503,0.987236,8.1617,1,0
136,13.040236,12.054823,0.985413,6.8627,1,0
137,13.139319,12.153390,0.985930,3.8513,1,0
138,12.999662,12.022223,0.977439,14.2773,1,0
139,13.026375,12.042324,0.984051,4.0284,1,0
140,12.532456,11.560432,0.972024,3.4594,1,0
141,13.148520,12.174009,0.974511,3.7652,1,0
142,13.214626,12.226833,0.987793,8.6742,1,0
143,13.302570,12.315934,0.986636,3.7545,1,0
144,12.827007,11.839337,0.987670,4.2369,1,0
145,12.971443,11.983555,0.987888,8.8307,1,0
146,12.668001,11.682489,0.985512,7.4129,1,0
147,13.259537,12.278593,0.980943,6.8132,1,0
148,13.141273,12.160151,0.981122,8.5168,1,0
149,13.751037,12.761986,0.989051,14.7604,1,0
150,12.915644,11.947240,0.968404,6.1964,1,0
151,12.741524,11.764852,0.976673,5.9108,1,0
152,12.840080,11.861292,0.978788,3.0882,1,0
153,13.507236,12.523802,0.983435,2.4415,1,0
154,13.358560,12.372675,0.985885,4.3660,1,0
155,13.162211,12.180324,0.981888,6.0784,1,0
156,12.864511,11.878860,0.985652,6.0770,1,0
157,13.114565,12.136183,0.978382,4.4805,1,0
158,12.840586,11.866396,0.974189,5.1703,1,0
159,12.980783,12.002696,0.978087,9.0642,1,0
160,12.947194,11.964084,0.983110,9.1959,1,0
