iter,loss,ce,dice,wV,nPre,clip,overRel
1,2.219233,1.219278,0.999955,11.1549,4.8894e+00,1,0
2,2.198107,1.198148,0.999959,9.8328,3.6530e-01,0,0
3,2.205677,1.205721,0.999956,10.5962,1.1307e-01,0,0
4,2.203560,1.203603,0.999957,10.4080,9.8479e-02,0,0
5,2.202970,1.203014,0.999957,10.3689,7.5085e-02,0,0
6,2.194176,1.194216,0.999960,9.5776,6.0893e-02,0,0
7,2.212528,1.212576,0.999953,11.4186,4.7337e-02,0,0
8,2.205953,1.205998,0.999955,10.7023,3.0773e-02,0,0
9,2.218969,1.219020,0.999950,12.2356,2.6012e-02,0,0
10,2.199317,1.199359,0.999958,10.0567,2.1206e-02,0,0
11,2.194755,1.194796,0.999959,9.6511,1.7319e-02,0,0
12,2.201715,1.201759,0.999957,10.2876,1.5005e-02,0,0
13,2.215322,1.215371,0.999951,11.7782,1.2219e-02,0,0
14,2.196515,1.196556,0.999959,9.8083,1.0880e-02,0,0
15,2.197904,1.197945,0.999958,9.9341,1.0208e-02,0,0
16,2.204770,1.204814,0.999956,10.5957,9.8353e-03,0,0
17,2.190382,1.190421,0.999961,9.2935,9.6752e-03,0,0
18,2.210922,1.210968,0.999953,11.2618,8.9834e-03,0,0
19,2.215330,1.215379,0.999951,11.7869,8.5954e-03,0,0
20,2.197707,1.197749,0.999958,9.9208,6.8955e-03,0,0
21,2.201051,1.201094,0.999957,10.2325,5.8598e-03,0,0
22,2.201869,1.201913,0.999957,10.3120,3.9942e-03,0,0
23,2.200207,1.200250,0.999957,10.1532,2.5925e-03,0,0
24,2.211110,1.211156,0.999953,11.2870,1.5291e-03,0,0
25,2.193633,1.193673,0.999960,9.5656,1.2592e-03,0,0
26,2.201581,1.201624,0.999957,10.2847,8.5191e-04,0,0
27,2.206925,1.206970,0.999955,10.8259,7.3259e-04,0,0
28,2.212073,1.212120,0.999953,11.3986,6.7694e-04,0,0
29,2.217768,1.217818,0.999950,12.1006,6.5321e-04,0,0
30,2.199453,1.199496,0.999958,10.0829,6.4764e-04,0,0
31,2.196638,1.196679,0.999959,9.8266,6.4610e-04,0,0
32,2.200348,1.200391,0.999957,10.1669,6.4479e-04,0,0
33,2.190991,1.191031,0.999961,9.3467,6.4692e-04,0,0
34,2.202691,1.202735,0.999957,10.3931,6.5079e-04,0,0
35,2.210569,1.210616,0.999953,11.2257,6.5008e-04,0,0
36,2.209956,1.210002,0.999954,11.1566,6.5035e-04,0,0
37,2.200806,1.200849,0.999957,10.2104,6.5505e-04,0,0
38,2.207261,1.207306,0.999955,10.8617,6.5245e-04,0,0
39,2.205627,1.205672,0.999955,10.6898,6.5125e-04,0,0
40,2.200514,1.200557,0.999957,10.1827,6.5383e-04,0,0
41,2.196316,1.196357,0.999959,9.7980,6.5260e-04,0,0
42,2.199348,1.199390,0.999958,10.0731,6.5335e-04,0,0
43,2.197860,1.197901,0.999958,9.9363,6.5129e-04,0,0
44,2.220684,1.220735,0.999949,12.4917,6.5283e-04,0,0
45,2.191846,1.191886,0.999960,9.4166,6.5199e-04,0,0
46,2.202465,1.202508,0.999957,10.3709,6.5225e-04,0,0
47,2.221282,1.221334,0.999948,12.5749,6.5301e-04,0,0
48,2.198614,1.198656,0.999958,10.0052,6.5224e-04,0,0
49,2.211690,1.211737,0.999953,11.3542,6.5401e-04,0,0
50,2.201595,1.201638,0.999957,10.2862,6.5238e-04,0,0
51,2.190579,1.190618,0.999961,9.3133,6.5427e-04,0,0
52,2.210343,1.210389,0.999953,11.2001,6.5318e-04,0,0
53,2.208131,1.208177,0.999954,10.9553,6.5145e-04,0,0
54,2.200343,1.200386,0.999957,10.1665,6.5272e-04,0,0
55,2.207322,1.207367,0.999955,10.8682,6.5215e-04,0,0
56,2.198413,1.198454,0.999958,9.9868,6.5222e-04,0,0
57,2.199976,1.200019,0.999958,10.1319,6.5218e-04,0,0
58,2.202988,1.203031,0.999956,10.4224,6.5257e-04,0,0
59,2.202726,1.202770,0.999957,10.3966,6.5497e-04,0,0
60,2.208518,1.208564,0.999954,10.9974,6.5268e-04,0,0
61,2.205662,1.205707,0.999955,10.6935,6.5245e-04,0,0
62,2.188216,1.188255,0.999961,9.1261,6.5221e-04,0,0
63,2.216461,1.216510,0.999951,11.9326,6.5300e-04,0,0
64,2.203867,1.203911,0.999956,10.5102,6.5227e-04,0,0
65,2.191575,1.191614,0.999960,9.3943,6.5260e-04,0,0
66,2.202244,1.202287,0.999957,10.3492,6.5324e-04,0,0
67,2.217673,1.217723,0.999950,12.0882,6.5286e-04,0,0
68,2.202716,1.202760,0.999957,10.3956,6.5383e-04,0,0
69,2.213364,1.213412,0.999952,11.5512,6.5316e-04,0,0
70,2.193772,1.193812,0.999960,9.5776,6.5260e-04,0,0
71,2.202656,1.202699,0.999957,10.3896,6.5308e-04,0,0
72,2.204416,1.204460,0.999956,10.5655,6.5248e-04,0,0
73,2.204787,1.204832,0.999956,10.6034,6.5319e-04,0,0
74,2.211182,1.211229,0.999953,11.2957,6.5312e-04,0,0
75,2.195200,1.195240,0.999959,9.7002,6.5445e-04,0,0
76,2.203038,1.203082,0.999956,10.4274,6.5366e-04,0,0
77,2.197467,1.197509,0.999958,9.9009,6.5358e-04,0,0
78,2.190131,1.190171,0.999961,9.2773,6.5401e-04,0,0
79,2.215642,1.215691,0.999951,11.8294,6.5387e-04,0,0
80,2.210966,1.211013,0.999953,11.2709,6.5502e-04,0,0
81,2.194757,1.194798,0.999959,9.6619,6.5498e-04,0,0
82,2.206864,1.206909,0.999955,10.8195,6.5453e-04,0,0
83,2.209906,1.209952,0.999954,11.1509,6.5425e-04,0,0
84,2.202681,1.202724,0.999957,10.3921,6.5538e-04,0,0
85,2.197558,1.197599,0.999958,9.9090,6.5375e-04,0,0
86,2.208975,1.209021,0.999954,11.0476,6.5491e-04,0,0
87,2.199780,1.199823,0.999958,10.1134,6.5291e-04,0,0
88,2.207895,1.207940,0.999955,10.9297,6.5430e-04,0,0
89,2.201997,1.202041,0.999957,10.3252,6.5457e-04,0,0
90,2.211846,1.211893,0.999953,11.3723,6.5470e-04,0,0
91,2.202279,1.202322,0.999957,10.3526,6.5476e-04,0,0
92,2.198086,1.198128,0.999958,9.9569,6.5450e-04,0,0
93,2.195220,1.195261,0.999959,9.7019,6.5454e-04,0,0
94,2.213093,1.213141,0.999952,11.5188,6.5352e-04,0,0
95,2.203651,1.203695,0.999956,10.4885,6.5456e-04,0,0
96,2.202244,1.202287,0.999957,10.3492,6.5377e-04,0,0
97,2.210599,1.210646,0.999953,11.2291,6.5300e-04,0,0
98,2.196814,1.196855,0.999959,9.8423,6.5376e-04,0,0
99,2.198402,1.198444,0.999958,9.9858,6.5385e-04,0,0
100,2.208392,1.208438,0.999954,10.9837,6.5349e-04,0,0
101,2.215546,1.215595,0.999951,11.8175,6.5304e-04,0,0
102,2.199162,1.199204,0.999958,10.0558,6.5257e-04,0,0
103,2.191846,1.191886,0.999960,9.4166,6.5113e-04,0,0
104,2.207653,1.207699,0.999955,10.9037,6.4842e-04,0,0
105,2.200549,1.200592,0.999957,10.1860,6.5209e-04,0,0
106,2.217235,1.217285,0.999950,12.0316,6.5040e-04,0,0
107,2.199906,1.199948,0.999958,10.1252,6.5031e-04,0,0
108,2.196517,1.196558,0.999959,9.8159,6.5078e-04,0,0
109,2.204511,1.204555,0.999956,10.5752,6.5025e-04,0,0
110,2.217250,1.217300,0.999950,12.0336,6.4722e-04,0,0
111,2.188201,1.188239,0.999961,9.1249,6.4872e-04,0,0
112,2.204245,1.204289,0.999956,10.5482,6.4840e-04,0,0
113,2.211735,1.211783,0.999953,11.3595,6.4800e-04,0,0
114,2.208518,1.208564,0.999954,10.9974,6.4703e-04,0,0
115,2.185973,1.186011,0.999962,8.9546,6.4738e-04,0,0
116,2.207980,1.208026,0.999954,10.9390,6.4550e-04,0,0
117,2.203003,1.203046,0.999956,10.4239,6.4552e-04,0,0
118,2.210534,1.210581,0.999953,11.2217,6.4547e-04,0,0
119,2.197020,1.197061,0.999959,9.8607,6.4494e-04,0,0
120,2.203651,1.203695,0.999956,10.4885,6.4344e-04,0,0
121,2.197397,1.197438,0.999958,9.8945,6.4323e-04,0,0
122,2.212052,1.212100,0.999953,11.3963,6.4274e-04,0,0
123,2.196975,1.197016,0.999959,9.8566,6.4299e-04,0,0
124,2.207784,1.207829,0.999955,10.9178,6.4270e-04,0,0
125,2.197422,1.197464,0.999958,9.8968,6.4218e-04,0,0
126,2.210398,1.210445,0.999953,11.2064,6.4188e-04,0,0
127,2.194878,1.194919,0.999959,9.6723,6.4218e-04,0,0
128,2.211509,1.211556,0.999953,11.3333,6.4052e-04,0,0
129,2.189709,1.189748,0.999961,9.2436,6.4025e-04,0,0
130,2.199780,1.199822,0.999958,10.1134,6.4117e-04,0,0
131,2.210122,1.210168,0.999954,11.1752,6.3875e-04,0,0
132,2.214596,1.214644,0.999952,11.7002,6.3873e-04,0,0
133,2.212887,1.212934,0.999952,11.4944,6.3759e-04,0,0
134,2.202445,1.202488,0.999957,10.3689,6.3842e-04,0,0
135,2.209589,1.209635,0.999954,11.1155,6.3586e-04,0,0
136,2.189287,1.189326,0.999961,9.2101,6.3119e-04,0,0
137,2.207171,1.207216,0.999955,10.8521,6.3370e-04,0,0
138,2.203018,1.203061,0.999956,10.4254,6.3176e-04,0,0
139,2.193646,1.193686,0.999960,9.5669,6.2835e-04,0,0
140,2.210373,1.210420,0.999953,11.2035,6.2867e-04,0,0
141,2.202450,1.202493,0.999957,10.3694,6.2896e-04,0,0
142,2.198191,1.198233,0.999958,9.9665,6.2629e-04,0,0
143,2.213736,1.213784,0.999952,11.5958,6.2486e-04,0,0
144,2.199830,1.199873,0.999958,10.1182,6.1938e-04,0,0
145,2.216818,1.216868,0.999950,11.9781,6.0701e-04,0,0
146,2.197020,1.197061,0.999959,9.8607,6.1094e-04,0,0
147,2.202782,1.202825,0.999956,10.4020,6.1574e-04,0,0
148,2.197588,1.197630,0.999958,9.9118,6.1925e-04,0,0
149,2.205109,1.205154,0.999956,10.6364,5.9945e-04,0,0
150,2.217064,1.217114,0.999950,12.0096,5.9409e-04,0,0
151,2.198402,1.198444,0.999958,9.9858,5.8761e-04,0,0
152,2.193631,1.193672,0.999960,9.5656,5.8413e-04,0,0
153,2.214696,1.214745,0.999951,11.7125,5.8853e-04,0,0
154,2.195612,1.195653,0.999959,9.7361,5.5231e-04,0,0
155,2.205341,1.205385,0.999956,10.6602,5.6464e-04,0,0
156,2.198558,1.198600,0.999958,10.0001,5.7014e-04,0,0
157,2.206613,1.206658,0.999955,10.7929,5.6779e-04,0,0
158,2.197563,1.197604,0.999958,9.9095,5.4925e-04,0,0
159,2.216260,1.216309,0.999951,11.9071,5.4930e-04,0,0
160,2.193772,1.193812,0.999960,9.5776,5.2761e-04,0,0
