iter,loss
1,1.808545
2,1.804928
3,1.797717
4,1.803673
5,1.800684
6,1.794315
7,1.798906
8,1.796562
9,1.790818
10,1.794170
11,1.792466
12,1.787456
13,1.789532
14,1.788445
15,1.784133
16,1.785053
17,1.784528
18,1.780940
19,1.780597
20,1.780683
21,1.777754
22,1.776299
23,1.776888
24,1.774623
25,1.771914
26,1.773197
27,1.771522
28,1.767677
29,1.769460
30,1.768503
31,1.763570
32,1.765845
33,1.765503
34,1.759461
35,1.762301
36,1.762550
37,1.755402
38,1.758816
39,1.759684
40,1.751539
41,1.755434
42,1.756856
43,1.747629
44,1.752059
45,1.754050
46,1.743809
47,1.748727
48,1.751278
49,1.740063
50,1.745427
51,1.748603
52,1.736329
53,1.742187
54,1.745898
55,1.732702
56,1.739028
57,1.743294
58,1.729105
59,1.735895
60,1.740723
61,1.725585
62,1.732799
63,1.738113
64,1.722114
65,1.729806
66,1.735645
67,1.718684
68,1.726828
69,1.733169
70,1.715326
71,1.723872
72,1.730686
73,1.711995
74,1.720995
75,1.728225
76,1.708766
77,1.718115
78,1.725847
79,1.705444
80,1.715309
81,1.723517
82,1.702349
83,1.712481
84,1.721204
85,1.699109
86,1.709739
87,1.718887
88,1.696009
89,1.706990
90,1.716672
91,1.693026
92,1.704439
93,1.714446
94,1.689951
95,1.701743
96,1.712168
97,1.686949
98,1.699151
99,1.710008
100,1.683991
101,1.696591
102,1.707866
103,1.681043
104,1.694031
105,1.705745
106,1.678177
107,1.691455
108,1.703609
109,1.675314
110,1.688981
111,1.701521
112,1.672555
113,1.686564
114,1.699500
115,1.669783
116,1.684156
117,1.697462
118,1.666936
119,1.681714
120,1.695442
121,1.664262
122,1.679396
123,1.693383
124,1.661596
125,1.677096
126,1.691487
127,1.658952
128,1.674773
129,1.689513
130,1.656345
131,1.672466
132,1.687601
133,1.653786
134,1.670225
135,1.685687
136,1.651228
137,1.668023
138,1.683843
139,1.648659
140,1.665788
141,1.681975
142,1.646140
143,1.663611
144,1.680061
145,1.643704
146,1.661466
147,1.678220
148,1.641267
149,1.659338
150,1.676489
151,1.638849
152,1.657138
153,1.674720
154,1.636444
155,1.655108
156,1.672928
157,1.634071
158,1.653061
159,1.671153
160,1.631712
161,1.651034
162,1.669425
163,1.629437
164,1.648994
165,1.667690
166,1.627170
167,1.646960
168,1.666023
169,1.624853
170,1.644996
171,1.664323
172,1.622663
173,1.643068
174,1.662707
175,1.620524
176,1.641096
177,1.661017
178,1.618329
179,1.639184
180,1.659418
181,1.616149
182,1.637355
183,1.657851
184,1.614081
185,1.635533
186,1.656231
187,1.611929
188,1.633655
189,1.654720
190,1.609924
191,1.631859
192,1.653089
193,1.607810
194,1.630033
195,1.651551
196,1.605890
197,1.628308
198,1.650085
199,1.603804
200,1.626535
201,1.648646
202,1.601927
203,1.624847
204,1.647173
205,1.600008
206,1.623156
207,1.645728
208,1.598072
209,1.621437
210,1.644289
211,1.596179
212,1.619793
213,1.642851
214,1.594319
215,1.618105
216,1.641444
217,1.592466
218,1.616503
219,1.640090
220,1.590654
221,1.614948
222,1.638760
223,1.588856
224,1.613273
225,1.637419
226,1.587049
227,1.611823
228,1.636042
229,1.585373
230,1.610311
231,1.634704
232,1.583585
233,1.608817
234,1.633471
235,1.582012
236,1.607301
237,1.632185
238,1.580339
239,1.605872
240,1.630879
241,1.578702
242,1.604407
243,1.629663
244,1.577017
245,1.602990
246,1.628465
247,1.575485
248,1.601545
249,1.627238
250,1.573939
251,1.600143
252,1.626069
253,1.572359
254,1.598788
255,1.624909
256,1.570863
257,1.597405
258,1.623652
259,1.569284
260,1.596162
261,1.622587
262,1.567826
263,1.594831
264,1.621421
265,1.566286
266,1.593475
267,1.620362
268,1.564961
269,1.592183
270,1.619273
271,1.563490
272,1.590945
273,1.618200
274,1.562075
275,1.589709
276,1.617064
277,1.560700
278,1.588439
279,1.616109
280,1.559349
281,1.587244
282,1.614985
283,1.557973
284,1.586070
285,1.614075
286,1.556594
287,1.584973
288,1.613072
289,1.555351
290,1.583741
291,1.612058
292,1.554032
293,1.582584
294,1.611037
295,1.552758
296,1.581514
297,1.610031
298,1.551482
299,1.580348
300,1.609115
301,1.550285
302,1.579307
303,1.608246
304,1.549055
305,1.578192
306,1.607279
307,1.547718
308,1.577110
309,1.606195
310,1.546652
311,1.575990
312,1.605459
313,1.545475
314,1.574967
315,1.604543
316,1.544275
317,1.573989
318,1.603646
319,1.543234
320,1.573033
321,1.602818
322,1.542012
323,1.571904
324,1.601958
325,1.540963
326,1.570968
327,1.601142
328,1.539792
329,1.569958
330,1.600225
331,1.538756
332,1.568990
333,1.599471
334,1.537664
335,1.568139
336,1.598603
337,1.536700
338,1.567151
339,1.597898
340,1.535703
341,1.566263
342,1.597028
343,1.534650
344,1.565286
345,1.596309
346,1.533571
347,1.564427
348,1.595445
349,1.532687
350,1.563496
351,1.594836
352,1.531682
353,1.562639
354,1.594000
355,1.530713
356,1.561779
357,1.593337
358,1.529721
359,1.560987
360,1.592521
361,1.528793
362,1.560162
363,1.591763
364,1.527884
365,1.559331
366,1.591105
367,1.526930
368,1.558372
369,1.590372
370,1.526047
371,1.557679
372,1.589727
373,1.525140
374,1.556848
375,1.589079
376,1.524284
377,1.556091
378,1.588408
379,1.523442
380,1.555289
381,1.587731
382,1.522658
383,1.554549
384,1.587075
385,1.521711
386,1.553743
387,1.586470
388,1.520906
389,1.552940
390,1.585780
391,1.520127
392,1.552267
393,1.585097
394,1.519263
395,1.551689
396,1.584577
397,1.518543
398,1.550891
399,1.583983
400,1.517753
401,1.550171
402,1.583309
403,1.516903
404,1.549410
405,1.582767
406,1.516160
407,1.548814
408,1.582177
409,1.515425
410,1.548113
411,1.581559
412,1.514671
413,1.547385
414,1.580913
415,1.513950
416,1.546783
417,1.580471
418,1.513158
419,1.546061
420,1.579932
421,1.512447
422,1.545480
423,1.579310
424,1.511734
425,1.544878
426,1.578820
427,1.511038
428,1.544195
429,1.578285
430,1.510368
431,1.543644
432,1.577729
433,1.509652
434,1.542993
435,1.577178
436,1.509001
437,1.542377
438,1.576720
439,1.508332
440,1.541785
441,1.576252
442,1.507730
443,1.541211
444,1.575659
445,1.507115
446,1.540599
447,1.575245
448,1.506479
449,1.540117
450,1.574648
451,1.505769
452,1.539547
453,1.574194
454,1.505252
455,1.538949
456,1.573719
457,1.504585
458,1.538428
459,1.573295
460,1.504014
461,1.537784
462,1.572825
463,1.503359
464,1.537331
465,1.572390
466,1.502855
467,1.536785
468,1.571900
469,1.502278
470,1.536335
471,1.571471
472,1.501688
473,1.535746
474,1.571051
475,1.501097
476,1.535222
477,1.570575
478,1.500593
479,1.534791
480,1.570130
481,1.499977
482,1.534312
483,1.569655
484,1.499515
485,1.533729
486,1.569355
487,1.498907
488,1.533320
489,1.568841
490,1.498397
491,1.532811
492,1.568535
493,1.497785
494,1.532400
495,1.568097
496,1.497393
497,1.531902
498,1.567637
499,1.496885
500,1.531389
501,1.567279
502,1.496335
503,1.531024
504,1.566943
505,1.495876
506,1.530602
507,1.566517
508,1.495388
509,1.530039
510,1.566188
511,1.494960
512,1.529672
513,1.565807
514,1.494429
515,1.529237
516,1.565338
517,1.493958
518,1.528778
519,1.565040
520,1.493495
521,1.528567
522,1.564616
523,1.492990
524,1.528088
525,1.564284
526,1.492756
527,1.527659
528,1.563971
529,1.492234
530,1.527261
531,1.563591
532,1.491721
533,1.526744
534,1.563249
535,1.491318
536,1.526445
537,1.563032
538,1.490921
539,1.526093
540,1.562603
541,1.490511
542,1.525720
543,1.562293
544,1.490122
545,1.525297
546,1.561974
547,1.489811
548,1.524939
549,1.561712
550,1.489304
551,1.524621
552,1.561246
553,1.488902
554,1.524185
555,1.561119
556,1.488544
557,1.523896
558,1.560728
559,1.488132
560,1.523496
561,1.560478
562,1.487847
563,1.523116
564,1.560195
565,1.487305
566,1.522903
567,1.559885
568,1.486942
569,1.522542
570,1.559519
571,1.486629
572,1.522135
573,1.559252
574,1.486354
575,1.521853
576,1.558956
577,1.485952
578,1.521527
579,1.558701
580,1.485566
581,1.521225
582,1.558420
583,1.485348
584,1.520911
585,1.558197
586,1.484922
587,1.520627
588,1.557843
589,1.484572
590,1.520262
591,1.557631
592,1.484333
593,1.519984
594,1.557328
595,1.483958
596,1.519689
597,1.557132
598,1.483580
599,1.519317
600,1.556891
601,1.483250
602,1.519195
603,1.556679
604,1.482957
605,1.518771
606,1.556374
607,1.482826
608,1.518557
609,1.556098
610,1.482421
611,1.518212
612,1.555922
613,1.482083
614,1.517970
615,1.555624
616,1.481776
617,1.517718
618,1.555438
619,1.481496
620,1.517471
621,1.555186
622,1.481258
623,1.517281
624,1.554980
625,1.481014
626,1.516967
627,1.554778
628,1.480718
629,1.516724
630,1.554509
631,1.480452
632,1.516439
633,1.554222
634,1.480222
635,1.516123
636,1.554032
637,1.479983
638,1.516010
639,1.553815
640,1.479609
641,1.515708
642,1.553577
643,1.479349
644,1.515499
645,1.553459
646,1.479159
647,1.515212
648,1.553115
649,1.478842
650,1.514947
651,1.552963
652,1.478528
653,1.514820
654,1.552797
655,1.478313
656,1.514530
657,1.552690
658,1.478256
659,1.514211
660,1.552394
661,1.477892
662,1.514143
663,1.552266
664,1.477472
665,1.513896
666,1.551982
667,1.477383
668,1.513680
669,1.551888
670,1.477212
671,1.513467
672,1.551594
673,1.476901
674,1.513162
675,1.551519
676,1.476730
677,1.512979
678,1.551326
679,1.476544
680,1.512811
681,1.551172
682,1.476217
683,1.512557
684,1.550995
685,1.476059
686,1.512501
687,1.550760
688,1.475886
689,1.512141
690,1.550627
691,1.475625
692,1.511964
693,1.550416
694,1.475460
695,1.511821
696,1.550200
697,1.475317
698,1.511572
699,1.550063
700,1.475075
701,1.511426
702,1.549914
703,1.474922
704,1.511253
705,1.549761
706,1.474664
707,1.511062
708,1.549513
709,1.474505
710,1.510905
711,1.549459
712,1.474239
713,1.510749
714,1.549234
715,1.474129
716,1.510578
717,1.549189
718,1.473851
719,1.510352
720,1.549045
721,1.473672
722,1.510296
723,1.548893
724,1.473555
725,1.510046
726,1.548701
727,1.473318
728,1.509853
729,1.548520
730,1.473093
731,1.509802
732,1.548431
733,1.473032
734,1.509481
735,1.548314
736,1.472797
737,1.509326
738,1.548208
739,1.472741
740,1.509278
741,1.547981
742,1.472482
743,1.509068
744,1.547881
745,1.472346
746,1.508866
747,1.547623
748,1.472196
749,1.508770
750,1.547451
751,1.472022
752,1.508669
753,1.547338
754,1.471977
755,1.508369
756,1.547265
757,1.471703
758,1.508271
759,1.547108
760,1.471532
761,1.508207
762,1.546988
763,1.471383
764,1.508076
765,1.546939
766,1.471279
767,1.507813
768,1.546880
769,1.471002
770,1.507785
771,1.546680
772,1.470974
773,1.507727
774,1.546568
775,1.470798
776,1.507444
777,1.546425
778,1.470687
779,1.507311
780,1.546221
781,1.470499
782,1.507220
783,1.546126
784,1.470491
785,1.507014
786,1.546084
787,1.470394
788,1.506934
789,1.545866
790,1.470153
791,1.506820
792,1.545777
793,1.470121
794,1.506698
795,1.545807
796,1.469882
797,1.506578
798,1.545555
799,1.469808
800,1.506303
801,1.545370
802,1.469657
803,1.506247
804,1.545416
805,1.469465
806,1.506124
807,1.545365
808,1.469475
809,1.506132
810,1.545062
811,1.469261
812,1.505944
813,1.545068
814,1.469144
815,1.505809
816,1.545016
817,1.468978
818,1.505742
819,1.544901
820,1.468875
821,1.505561
822,1.544786
823,1.468805
824,1.505363
825,1.544663
826,1.468654
827,1.505333
828,1.544597
829,1.468619
830,1.505196
831,1.544470
832,1.468412
833,1.505193
834,1.544354
835,1.468389
836,1.504967
837,1.544295
838,1.468291
839,1.504946
840,1.544229
841,1.468182
842,1.504772
843,1.544104
844,1.467965
845,1.504811
846,1.543993
847,1.468002
848,1.504631
849,1.543786
850,1.467760
851,1.504562
852,1.543769
853,1.467725
854,1.504388
855,1.543792
856,1.467659
857,1.504213
858,1.543702
859,1.467469
860,1.504213
861,1.543518
862,1.467410
863,1.504170
864,1.543431
865,1.467385
866,1.504048
867,1.543321
868,1.467200
869,1.503913
870,1.543242
871,1.467110
872,1.503888
873,1.543211
874,1.467101
875,1.503684
876,1.543107
877,1.466896
878,1.503678
879,1.542991
880,1.466805
881,1.503530
882,1.543000
883,1.466799
884,1.503524
885,1.542864
886,1.466728
887,1.503371
888,1.542725
889,1.466575
890,1.503298
891,1.542646
892,1.466505
893,1.503235
894,1.542637
895,1.466438
896,1.503290
897,1.542588
898,1.466382
899,1.503052
900,1.542378
901,1.466185
902,1.503030
903,1.542401
904,1.466144
905,1.502899
906,1.542228
907,1.466061
908,1.502801
909,1.542235
910,1.465996
911,1.502717
912,1.542193
913,1.465932
914,1.502632
915,1.542108
916,1.465774
917,1.502572
918,1.542007
919,1.465767
920,1.502585
921,1.541940
922,1.465666
923,1.502457
924,1.541778
925,1.465605
926,1.502451
927,1.541840
928,1.465580
929,1.502373
930,1.541754
931,1.465533
932,1.502347
933,1.541713
934,1.465442
935,1.502184
936,1.541596
937,1.465212
938,1.502051
939,1.541528
940,1.465329
941,1.501971
942,1.541420
943,1.465179
944,1.501897
945,1.541425
946,1.465156
947,1.501870
948,1.541377
949,1.465027
950,1.501781
951,1.541212
952,1.464812
953,1.501683
954,1.541206
955,1.464910
956,1.501655
957,1.541197
958,1.464807
959,1.501551
960,1.541049
961,1.464709
962,1.501485
963,1.540981
964,1.464686
965,1.501416
966,1.540917
967,1.464694
968,1.501387
969,1.540755
970,1.464541
971,1.501303
972,1.540902
973,1.464567
974,1.501231
975,1.540822
976,1.464471
977,1.501319
978,1.540684
979,1.464358
980,1.501079
981,1.540619
982,1.464324
983,1.501040
984,1.540621
985,1.464318
986,1.501051
987,1.540555
988,1.464247
989,1.500885
990,1.540391
991,1.464101
992,1.500934
993,1.540278
994,1.464118
995,1.500758
996,1.540449
997,1.464025
998,1.500790
999,1.540267
1000,1.464020
