row,meanP_MA,meanP_BG,d_005,d_01,d_02,d_03,d_05,d_07
26,0.536790728569031,0.53068482875824,0.00434691585939136,0.00434691585939136,0.00434691585939136,0.00434691585939136,0.00434691585939136,0
42,0.53197968006134,0.529394209384918,0.0636573817596265,0.0636573817596265,0.0636573817596265,0.0636573817596265,0.0636573817596265,0
58,0.534713923931122,0.53271746635437,0.0108055606143386,0.0108055606143386,0.0108055606143386,0.0108055606143386,0.0108055606143386,0
73,0.536318302154541,0.537245213985443,0.00500757224069832,0.00500757224069832,0.00500757224069832,0.00500757224069832,0.00500757224069832,0
80,0.541370987892151,0.540660321712494,0.0054022385050256,0.0054022385050256,0.0054022385050256,0.0054022385050256,0.0054022385050256,0
120,0.54204660654068,0.55891478061676,0.0106168632822727,0.0106168632822727,0.0106168632822727,0.0106168632822727,0.0106168632822727,0
149,0.540407955646515,0.541297614574432,0.00671413961304353,0.00671413961304353,0.00671413961304353,0.00671413961304353,0.00671413961304353,0
173,0.535025477409363,0.533315360546112,0.00670656132853786,0.00670656132853786,0.00670656132853786,0.00670656132853786,0.00670656132853786,0
196,0.544187545776367,0.543395161628723,0.00892453639881664,0.00892453639881664,0.00892453639881664,0.00892453639881664,0.00892453639881664,0
210,0.590698421001434,0.528568744659424,4.57753194735838e-05,4.57753194735838e-05,4.57753194735838e-05,4.57753194735838e-05,4.57753194735838e-05,0
224,0.544850170612335,0.543117582798004,0.00325245362206794,0.00325245362206794,0.00325245362206794,0.00325245362206794,0.00325245362206794,0
227,0.539658546447754,0.532626628875732,0.00482536589821066,0.00482536589821066,0.00482536589821066,0.00482536589821066,0.00482536589821066,0
228,0.539570093154907,0.53949385881424,0.00482536589821066,0.00482536589821066,0.00482536589821066,0.00482536589821066,0.00482536589821066,0
246,0.555425584316254,0.549914598464966,0.00201974779828436,0.00201974779828436,0.00201974779828436,0.00201974779828436,0.00201974779828436,0
265,0.554319739341736,0.552070379257202,0.00327526716278078,0.00327526716278078,0.00327526716278078,0.00327526716278078,0.00327526716278078,0
315,0.546564757823944,0.546007215976715,0.00394423251174513,0.00394423251174513,0.00394423251174513,0.00394423251174513,0.00394423251174513,0
361,NaN,0.559882402420044,0,0,0,0,0,0
362,NaN,0.523833155632019,0,0,0,0,0,0
373,0.539447367191315,0.53632515668869,0.00316879951249238,0.00316879951249238,0.00316879951249238,0.00316879951249238,0.00316879951249238,0
378,0.549475848674774,0.561152756214142,0.00186745633391644,0.00186745633391644,0.00186745633391644,0.00186745633391644,0.00186745633391644,0
453,0.533562242984772,0.535627901554108,0.00154756867812477,0.00154756867812477,0.00154756867812477,0.00154756867812477,0.00154756867812477,0
472,0.532791793346405,0.52872759103775,0.0044760440296576,0.0044760440296576,0.0044760440296576,0.0044760440296576,0.0044760440296576,0
536,0.545406937599182,0.54146420955658,0.0015704211930627,0.0015704211930627,0.0015704211930627,0.0015704211930627,0.0015704211930627,0
537,0.547002851963043,0.540666520595551,0.00556916569028744,0.00556916569028744,0.00556916569028744,0.00556916569028744,0.00556916569028744,0
563,0.538706243038177,0.539663434028625,0.00185984115127216,0.00185984115127216,0.00185984115127216,0.00185984115127216,0.00185984115127216,0
603,0.55514520406723,0.555237412452698,0.00570572169771847,0.00570572169771847,0.00570572169771847,0.00570572169771847,0.00570572169771847,0
630,0.542315721511841,0.541806101799011,0.00762311559698571,0.00762311559698571,0.00762311559698571,0.00762311559698571,0.00762311559698571,0
634,0.553636074066162,0.548111617565155,0.00207304432656545,0.00207304432656545,0.00207304432656545,0.00207304432656545,0.00207304432656545,0
652,0.542184770107269,0.542034387588501,0.00353378419545482,0.00353378419545482,0.00353378419545482,0.00353378419545482,0.00353378419545482,0
662,0.552411913871765,0.554229319095612,0.00227859001764193,0.00227859001764193,0.00227859001764193,0.00227859001764193,0.00227859001764193,0
729,NaN,0.550472795963287,0,0,0,0,0,0
747,0.560710847377777,0.5516676902771,0.00051866428691288,0.00051866428691288,0.00051866428691288,0.00051866428691288,0.00051866428691288,0
752,NaN,0.568592488765717,0,0,0,0,0,0
758,NaN,0.555747210979462,0,0,0,0,0,0
804,NaN,0.603301644325256,0,0,0,0,0,0
835,0.586073577404022,0.581399857997894,0.000419528678599079,0.000419528678599079,0.000419528678599079,0.000419528678599079,0.000419528678599079,0
885,0.539882779121399,0.533624708652496,0.00121995852141027,0.00121995852141027,0.00121995852141027,0.00121995852141027,0.00121995852141027,0
920,NaN,0.61594158411026,0,0,0,0,0,0
969,NaN,0.55487734079361,0,0,0,0,0,0
989,NaN,0.60007256269455,0,0,0,0,0,0
1038,NaN,0.585132598876953,0,0,0,0,0,0
1084,0.547202885150909,0.538459837436676,0.000404276174021823,0.000404276174021823,0.000404276174021823,0.000404276174021823,0.000404276174021823,0
1105,0.564116835594177,0.556684494018555,0.00095321978579245,0.00095321978579245,0.00095321978579245,0.00095321978579245,0.00095321978579245,0
1163,0.59723824262619,0.580882132053375,0.000640663849779581,0.000640663849779581,0.000640663849779581,0.000640663849779581,0.000640663849779581,0
1182,0.549605309963226,0.561936318874359,0.000419528678599079,0.000419528678599079,0.000419528678599079,0.000419528678599079,0.000419528678599079,0
1196,0.543584704399109,0.540155112743378,0.00488610504364768,0.00488610504364768,0.00488610504364768,0.00488610504364768,0.00488610504364768,0
1210,NaN,0.574487745761871,0,0,0,0,0,0
1242,0.554304420948029,0.568999052047729,0.000716906016671878,0.000716906016671878,0.000716906016671878,0.000716906016671878,0.000716906016671878,0
1254,0.580122828483582,0.581450045108795,0.00167705935265509,0.00167705935265509,0.00167705935265509,0.00167705935265509,0.00167705935265509,0
1255,0.579667270183563,0.578105509281158,0.000915108440350182,0.000915108440350182,0.000915108440350182,0.000915108440350182,0.000915108440350182,0
