row,isPos,meanP_MA,meanP_BG,dice05,auroc,ap
26,1,0.519221972302255,0.517128185971488,0.0045829180821579,0.519031032936441,0.00214912394865083
42,1,0.515872845218281,0.514073810190211,0.0663005071575236,0.519514418673835,0.0332410058502431
58,1,0.514333611647232,0.511908688566191,0.0118103994927077,0.522062782170204,0.00592985902272001
73,1,0.515189368583511,0.514455135127541,0.00524470458694329,0.506697412615812,0.00264671008416116
80,1,0.515419383326047,0.514789854679968,0.00562843960197899,0.509648464314964,0.00273738728972484
120,1,0.516284719823172,0.512574738113326,0.00985310797364154,0.50414107725717,0.0056945491318205
149,1,0.51529314162237,0.515153563898542,0.00669922601912545,0.500182139968135,0.00346242636982684
173,1,0.512227615126136,0.512153936860165,0.0065472371646186,0.506503992282637,0.00348648125411692
196,1,0.514840587402912,0.513891463502978,0.0089942638623327,0.508622931736491,0.00450440007013242
210,1,0.504901165763537,0.515022404753444,4.88320989663872e-05,0.505879218833846,2.71256725584074e-05
224,1,0.506059986995031,0.504946129985185,0.00322102217409898,0.514754128784851,0.00172888890198718
227,1,0.506961459335093,0.504552303278138,0.00495270350239897,0.532644142541732,0.0024310227730899
228,1,0.506964628675759,0.504541317740958,0.00499450604335231,0.521993332341761,0.00300293021511111
246,1,0.509497040622639,0.506038553700759,0.00238229688713207,0.538557119891249,0.00116754889786698
265,1,0.5089351405238,0.506957995106481,0.00337049961698868,0.521080769688055,0.00178141988341146
315,1,0.511362839044291,0.509348698450141,0.00418339893179623,0.517745061645516,0.00226844555684634
361,0,NaN,0.511827129717176,NaN,NaN,NaN
362,0,NaN,0.50903612713671,NaN,NaN,NaN
373,1,0.515613879721898,0.509581431051663,0.00351016738138055,0.528786013606608,0.0067320201712919
378,1,0.511371845615153,0.506136193838441,0.00192033088778374,0.530707265170223,0.00146482190363221
453,1,0.506583593161823,0.506801164959155,0.00158722919042189,0.498462040383892,0.000898561790167174
472,1,0.512301884845,0.50464747739636,0.00519764222895991,0.546713048950483,0.00321428893479958
536,1,0.507965966625121,0.506609343714159,0.00162463735773265,0.516915123396502,0.00078983055092775
537,1,0.507460568039144,0.506191593002065,0.00570987377228736,0.518555445504486,0.00271932087087356
563,1,0.516061704666888,0.517208932281542,0.0017887675917401,0.484170735295039,0.000914018051330871
603,1,0.514553162415822,0.51212159283704,0.00619717916687022,0.534287382265852,0.00291906863739149
630,1,0.5122997953017,0.511076177860606,0.00769569399833695,0.513435289690416,0.00398117196825412
634,1,0.513101352269159,0.51244431949165,0.00217082350736362,0.51739633855696,0.00102319837110876
652,1,0.513113977772922,0.513351391962192,0.00343276329607975,0.501992916789656,0.00177514338879469
662,1,0.512434986323417,0.510145051418015,0.00229407570449825,0.520607898760091,0.00120872726974837
729,0,NaN,0.514093715997546,NaN,NaN,NaN
747,1,0.499026635552154,0.513081549834312,0.000359061055340285,0.381548280112729,0.000195605028153522
752,0,NaN,0.508790147177933,NaN,NaN,NaN
758,0,NaN,0.510629231738676,NaN,NaN,NaN
804,0,NaN,0.502932489733212,NaN,NaN,NaN
835,1,0.502784141627225,0.505210568852738,0.000416769572734008,0.469632071548215,0.000188563871068962
885,1,0.514260894991457,0.517397876262972,0.001293955902571,0.498455225319103,0.000565337471646815
920,0,NaN,0.500596980155024,NaN,NaN,NaN
969,0,NaN,0.518812595501913,NaN,NaN,NaN
989,0,NaN,0.502059361653664,NaN,NaN,NaN
1038,0,NaN,0.505667805115309,NaN,NaN,NaN
1084,1,0.513335795897358,0.516582863455585,0.000427259132663961,0.494716619742401,0.000186753376439474
1105,1,0.514467155694962,0.516113456603703,0.000970658059385562,0.487010606101084,0.000439075338004122
1163,1,0.497707211545535,0.504037870017957,0.000465564829902564,0.416276488844793,0.000253768033330261
1182,1,0.512377120689912,0.506659346145825,0.000442677248760899,0.531813239014226,0.000257657200113556
1196,1,0.511163452796847,0.511605945563701,0.00459390821889002,0.500616239933453,0.00238054803163312
1210,0,NaN,0.512453546491088,NaN,NaN,NaN
1242,1,0.523942864638694,0.514694362810904,0.000778713489955224,0.572197972613638,0.00102090735308443
1254,1,0.505611953410235,0.50464953676844,0.00164240628622955,0.51061206512368,0.000871900552183293
1255,1,0.505908823261658,0.505522503692868,0.000923735131105565,0.507253979279252,0.000473374337442617
